Workbook

Sheet 2026 JAN-APR SHARP PRICE- 3321
A1: ACARA | B1: FROM DATE | C1: TO DATE | D1: DEPT | E1: WORLD | F1: DIVISION | G1: CLASS | H1: SUPPLIER | I1: BRAND | J1: SKU | K1: ARTICLE | L1: DESCRIPTION | M1: HARGA NORMAL | N1: DISKON | O1: HARGA PROMO | P1: DISCOUNT TYPE
A2: 2026 JAN-APR SHARP PRICE | B2: 46121 | C2: 46127 | D2: 3321 | E2: 337 | F2: 4 | G2: 3 | H2: 81588 | I2: CHARACTER | J2: 66252286 | K2: CD425MM | L2: CARDIGAN MY MELODY CD425MM:PASTEL PINK:4:GRAPHIC:CARDIGAN | M2: 199900 | N2: 0 | O2: SHARP PRICE | P2: AMOUNT
A3: =A2 -> 2026 JAN-APR SHARP PRICE | B3: =B2 -> 46121 | C3: =C2 -> 46127 | D3: 3321 | E3: 337 | F3: 4 | G3: 3 | H3: 81588 | I3: CHARACTER | J3: 66252295 | K3: CD425MM | L3: CARDIGAN MY MELODY CD425MM:PASTEL PINK:5:GRAPHIC:CARDIGAN | M3: 199900 | N3: =N2 -> 0 | O3: =O2 -> SHARP PRICE | P3: =P2 -> AMOUNT
A4: =A3 -> 2026 JAN-APR SHARP PRICE | B4: =B3 -> 46121 | C4: =C3 -> 46127 | D4: 3321 | E4: 337 | F4: 4 | G4: 3 | H4: 81588 | I4: CHARACTER | J4: 66252302 | K4: CD425MM | L4: CARDIGAN MY MELODY CD425MM:PASTEL PINK:6:GRAPHIC:CARDIGAN | M4: 199900 | N4: =N3 -> 0 | O4: =O3 -> SHARP PRICE | P4: =P3 -> AMOUNT
A5: =A4 -> 2026 JAN-APR SHARP PRICE | B5: =B4 -> 46121 | C5: =C4 -> 46127 | D5: 3321 | E5: 337 | F5: 4 | G5: 3 | H5: 81588 | I5: CHARACTER | J5: 66252311 | K5: CD425MM | L5: CARDIGAN MY MELODY CD425MM:PASTEL PINK:7-8:GRAPHIC:CARDIGAN | M5: 199900 | N5: =N4 -> 0 | O5: =O4 -> SHARP PRICE | P5: =P4 -> AMOUNT
A6: =A5 -> 2026 JAN-APR SHARP PRICE | B6: =B5 -> 46121 | C6: =C5 -> 46127 | D6: 3321 | E6: 337 | F6: 4 | G6: 1 | H6: 81588 | I6: CHARACTER | J6: 63152032 | K6: TS425KT1 | L6: SS T-SHIRT HELLO KITTY WASHED TS425KT1:MISTY DARK GREY:7-8:GRAPHIC:SS T-SHIRT | M6: 99900 | N6: =N5 -> 0 | O6: =O5 -> SHARP PRICE | P6: =P5 -> AMOUNT
A7: =A6 -> 2026 JAN-APR SHARP PRICE | B7: =B6 -> 46121 | C7: =C6 -> 46127 | D7: 3321 | E7: 337 | F7: 4 | G7: 1 | H7: 81588 | I7: CHARACTER | J7: 63152041 | K7: TS425KT1 | L7: SS T-SHIRT HELLO KITTY WASHED TS425KT1:MISTY DARK GREY:9-10:GRAPHIC:SS T-SHIRT | M7: 99900 | N7: =N6 -> 0 | O7: =O6 -> SHARP PRICE | P7: =P6 -> AMOUNT
A8: =A7 -> 2026 JAN-APR SHARP PRICE | B8: =B7 -> 46121 | C8: =C7 -> 46127 | D8: 3321 | E8: 337 | F8: 4 | G8: 1 | H8: 81588 | I8: CHARACTER | J8: 63152050 | K8: TS425KT1 | L8: SS T-SHIRT HELLO KITTY WASHED TS425KT1:MISTY DARK GREY:11-12:GRAPHIC:SS T-SHIRT | M8: 99900 | N8: =N7 -> 0 | O8: =O7 -> SHARP PRICE | P8: =P7 -> AMOUNT
A9: =A8 -> 2026 JAN-APR SHARP PRICE | B9: =B8 -> 46121 | C9: =C8 -> 46127 | D9: 3321 | E9: 337 | F9: 4 | G9: 1 | H9: 81588 | I9: CHARACTER | J9: 63152069 | K9: TS425KT1 | L9: SS T-SHIRT HELLO KITTY WASHED TS425KT1:MISTY DARK GREY:13-14:GRAPHIC:SS T-SHIRT | M9: 99900 | N9: =N8 -> 0 | O9: =O8 -> SHARP PRICE | P9: =P8 -> AMOUNT
A10: =A9 -> 2026 JAN-APR SHARP PRICE | B10: =B9 -> 46121 | C10: =C9 -> 46127 | D10: 3321 | E10: 337 | F10: 4 | G10: 3 | H10: 81588 | I10: CHARACTER | J10: 63151837 | K10: JKSNCN | L10: JACKET CINNAMOROLL SNACK JKSNCN:LIGHT BLUE:4:GRAPHIC:JACKET | M10: 199900 | N10: =N9 -> 0 | O10: =O9 -> SHARP PRICE | P10: =P9 -> AMOUNT
A11: =A10 -> 2026 JAN-APR SHARP PRICE | B11: =B10 -> 46121 | C11: =C10 -> 46127 | D11: 3321 | E11: 337 | F11: 4 | G11: 3 | H11: 81588 | I11: CHARACTER | J11: 63151846 | K11: JKSNCN | L11: JACKET CINNAMOROLL SNACK JKSNCN:LIGHT BLUE:5:GRAPHIC:JACKET | M11: 199900 | N11: =N10 -> 0 | O11: =O10 -> SHARP PRICE | P11: =P10 -> AMOUNT
A12: =A11 -> 2026 JAN-APR SHARP PRICE | B12: =B11 -> 46121 | C12: =C11 -> 46127 | D12: 3321 | E12: 337 | F12: 4 | G12: 3 | H12: 81588 | I12: CHARACTER | J12: 63151855 | K12: JKSNCN | L12: JACKET CINNAMOROLL SNACK JKSNCN:LIGHT BLUE:6:GRAPHIC:JACKET | M12: 199900 | N12: =N11 -> 0 | O12: =O11 -> SHARP PRICE | P12: =P11 -> AMOUNT
A13: =A12 -> 2026 JAN-APR SHARP PRICE | B13: =B12 -> 46121 | C13: =C12 -> 46127 | D13: 3321 | E13: 337 | F13: 4 | G13: 3 | H13: 81588 | I13: CHARACTER | J13: 63151864 | K13: JKSNCN | L13: JACKET CINNAMOROLL SNACK JKSNCN:LIGHT BLUE:7-8:GRAPHIC:JACKET | M13: 199900 | N13: =N12 -> 0 | O13: =O12 -> SHARP PRICE | P13: =P12 -> AMOUNT
A14: =A13 -> 2026 JAN-APR SHARP PRICE | B14: =B13 -> 46121 | C14: =C13 -> 46127 | D14: 3321 | E14: 337 | F14: 4 | G14: 1 | H14: 81588 | I14: CHARACTER | J14: 68022002 | K14: TS4MLD | L14: SS T-SHIRT MY MELODY LENGAN RUFFLE TS4MLD:PASTEL PINK:4:GRAPHIC:SS T-SHIRT | M14: 99900 | N14: =N13 -> 0 | O14: =O13 -> SHARP PRICE | P14: =P13 -> AMOUNT
... A133: =A132 -> 2026 JAN-APR SHARP PRICE | B133: =B132 -> 46121 | C133: =C132 -> 46127 | D133: 3321 | E133: 337 | F133: 4 | G133: 1 | H133: 81588 | I133: CHARACTER | J133: 68783799 | K133: TSSRDDKT | L133: SS T-SHIRT RIB SERUT DD HELLO KITTY TSSRDDKT:OFF WHITE:15-16:GRAPHIC:SS T-SHIRT | M133: 99900 | N133: =N132 -> 0 | O133: =O132 -> SHARP PRICE | P133: =P132 -> AMOUNT

Sheet 2026 BAMUS D60 - 3321
A1: ACARA | B1: FROM DATE | C1: TO DATE | D1: DEPT | E1: WORLD | F1: DIVISION | G1: CLASS | H1: SUPPLIER | I1: BRAND | J1: SKU | K1: ARTICLE | L1: DESCRIPTION | M1: HARGA NORMAL | N1: DISKON | O1: HARGA PROMO | P1: DISCOUNT TYPE
A2: 2026 BAMUS DISC 60% | B2: 46121 | C2: 46127 | D2: 3321 | E2: 337 | F2: 4 | G2: 2 | H2: 81005 | I2: CHARACTER | J2: 68416337 | K2: 34SRFMM | L2: 3/4 SHIRT WOMEN RUFFLE MY MELODY 34SRFMM:CLASSIC GREEN:4:GRAPHIC:3/4 SHIRT | M2: 199900 | N2: 0.6 | O2: =M2-((60*M2)/100) -> 79960 | P2: PERCENTAGE
A3: =A2 -> 2026 BAMUS DISC 60% | B3: =B2 -> 46121 | C3: =C2 -> 46127 | D3: 3321 | E3: 337 | F3: 4 | G3: 2 | H3: 81005 | I3: CHARACTER | J3: 68416346 | K3: 34SRFMM | L3: 3/4 SHIRT WOMEN RUFFLE MY MELODY 34SRFMM:CLASSIC GREEN:5:GRAPHIC:3/4 SHIRT | M3: 199900 | N3: =N2 -> 0.6 | O3: =M3-((60*M3)/100) -> 79960 | P3: =P2 -> PERCENTAGE
A4: =A3 -> 2026 BAMUS DISC 60% | B4: =B3 -> 46121 | C4: =C3 -> 46127 | D4: 3321 | E4: 337 | F4: 4 | G4: 2 | H4: 81005 | I4: CHARACTER | J4: 68416355 | K4: 34SRFMM | L4: 3/4 SHIRT WOMEN RUFFLE MY MELODY 34SRFMM:CLASSIC GREEN:6:GRAPHIC:3/4 SHIRT | M4: 199900 | N4: =N3 -> 0.6 | O4: =M4-((60*M4)/100) -> 79960 | P4: =P3 -> PERCENTAGE
A5: =A4 -> 2026 BAMUS DISC 60% | B5: =B4 -> 46121 | C5: =C4 -> 46127 | D5: 3321 | E5: 337 | F5: 4 | G5: 2 | H5: 81005 | I5: CHARACTER | J5: 68416364 | K5: 34SRFMM | L5: 3/4 SHIRT WOMEN RUFFLE MY MELODY 34SRFMM:CLASSIC GREEN:7-8:GRAPHIC:3/4 SHIRT | M5: 199900 | N5: =N4 -> 0.6 | O5: =M5-((60*M5)/100) -> 79960 | P5: =P4 -> PERCENTAGE
A6: =A5 -> 2026 BAMUS DISC 60% | B6: =B5 -> 46121 | C6: =C5 -> 46127 | D6: 3321 | E6: 337 | F6: 4 | G6: 2 | H6: 81005 | I6: CHARACTER | J6: 68416373 | K6: 34SRFMM | L6: 3/4 SHIRT WOMEN RUFFLE MY MELODY 34SRFMM:CLASSIC GREEN:9-10:GRAPHIC:3/4 SHIRT | M6: 199900 | N6: =N5 -> 0.6 | O6: =M6-((60*M6)/100) -> 79960 | P6: =P5 -> PERCENTAGE
A7: =A6 -> 2026 BAMUS DISC 60% | B7: =B6 -> 46121 | C7: =C6 -> 46127 | D7: 3321 | E7: 337 | F7: 4 | G7: 2 | H7: 81005 | I7: CHARACTER | J7: 68416382 | K7: 34SRFMM | L7: 3/4 SHIRT WOMEN RUFFLE MY MELODY 34SRFMM:CLASSIC GREEN:11-12:GRAPHIC:3/4 SHIRT | M7: 199900 | N7: =N6 -> 0.6 | O7: =M7-((60*M7)/100) -> 79960 | P7: =P6 -> PERCENTAGE
A8: =A7 -> 2026 BAMUS DISC 60% | B8: =B7 -> 46121 | C8: =C7 -> 46127 | D8: 3321 | E8: 337 | F8: 4 | G8: 5 | H8: 81698 | I8: CHARACTER | J8: 68416542 | K8: DLSEERKU | L8: LS MIDI DRESS WOVEN KIMONO KUROMI DLSEERKU:KHAKI:4:GRAPHIC:LS MIDI DRESS | M8: 249900 | N8: =N7 -> 0.6 | O8: =M8-((60*M8)/100) -> 99960 | P8: =P7 -> PERCENTAGE
A9: =A8 -> 2026 BAMUS DISC 60% | B9: =B8 -> 46121 | C9: =C8 -> 46127 | D9: 3321 | E9: 337 | F9: 4 | G9: 5 | H9: 81698 | I9: CHARACTER | J9: 68416551 | K9: DLSEERKU | L9: LS MIDI DRESS WOVEN KIMONO KUROMI DLSEERKU:KHAKI:5:GRAPHIC:LS MIDI DRESS | M9: 249900 | N9: =N8 -> 0.6 | O9: =M9-((60*M9)/100) -> 99960 | P9: =P8 -> PERCENTAGE
A10: =A9 -> 2026 BAMUS DISC 60% | B10: =B9 -> 46121 | C10: =C9 -> 46127 | D10: 3321 | E10: 337 | F10: 4 | G10: 5 | H10: 81698 | I10: CHARACTER | J10: 68416560 | K10: DLSEERKU | L10: LS MIDI DRESS WOVEN KIMONO KUROMI DLSEERKU:KHAKI:6:GRAPHIC:LS MIDI DRESS | M10: 249900 | N10: =N9 -> 0.6 | O10: =M10-((60*M10)/100) -> 99960 | P10: =P9 -> PERCENTAGE
A11: =A10 -> 2026 BAMUS DISC 60% | B11: =B10 -> 46121 | C11: =C10 -> 46127 | D11: 3321 | E11: 337 | F11: 4 | G11: 5 | H11: 81698 | I11: CHARACTER | J11: 68416579 | K11: DLSEERKU | L11: LS MIDI DRESS WOVEN KIMONO KUROMI DLSEERKU:KHAKI:7-8:GRAPHIC:LS MIDI DRESS | M11: 249900 | N11: =N10 -> 0.6 | O11: =M11-((60*M11)/100) -> 99960 | P11: =P10 -> PERCENTAGE
A12: =A11 -> 2026 BAMUS DISC 60% | B12: =B11 -> 46121 | C12: =C11 -> 46127 | D12: 3321 | E12: 337 | F12: 4 | G12: 5 | H12: 81698 | I12: CHARACTER | J12: 68416588 | K12: DLSEERKU | L12: LS MIDI DRESS WOVEN KIMONO KUROMI DLSEERKU:KHAKI:9-10:GRAPHIC:LS MIDI DRESS | M12: 249900 | N12: =N11 -> 0.6 | O12: =M12-((60*M12)/100) -> 99960 | P12: =P11 -> PERCENTAGE
A13: =A12 -> 2026 BAMUS DISC 60% | B13: =B12 -> 46121 | C13: =C12 -> 46127 | D13: 3321 | E13: 337 | F13: 4 | G13: 5 | H13: 81698 | I13: CHARACTER | J13: 68416597 | K13: DLSEERKU | L13: LS MIDI DRESS WOVEN KIMONO KUROMI DLSEERKU:KHAKI:11-12:GRAPHIC:LS MIDI DRESS | M13: 249900 | N13: =N12 -> 0.6 | O13: =M13-((60*M13)/100) -> 99960 | P13: =P12 -> PERCENTAGE
A14: =A13 -> 2026 BAMUS DISC 60% | B14: =B13 -> 46121 | C14: =C13 -> 46127 | D14: 3321 | E14: 337 | F14: 4 | G14: 5 | H14: 81698 | I14: CHARACTER | J14: 68416604 | K14: DLSEERKU | L14: LS MIDI DRESS WOVEN KIMONO KUROMI DLSEERKU:KHAKI:13-14:GRAPHIC:LS MIDI DRESS | M14: 249900 | N14: =N13 -> 0.6 | O14: =M14-((60*M14)/100) -> 99960 | P14: =P13 -> PERCENTAGE
... A35: =A34 -> 2026 BAMUS DISC 60% | B35: =B34 -> 46121 | C35: =C34 -> 46127 | D35: 3321 | E35: 337 | F35: 4 | G35: 2 | H35: 81005 | I35: CHARACTER | J35: 68416533 | K35: LSROMKU | L35: LS SHIRT WOVEN ROMPI KUROMI LSROMKU:RUSTIC BROWN:13-14:GRAPHIC:LS SHIRT | M35: 199900 | N35: =N34 -> 0.6 | O35: =M35-((60*M35)/100) -> 79960 | P35: =P34 -> PERCENTAGE

Sheet 2026 HILITE D30 -3321
A1: ACARA | B1: FROM DATE | C1: TO DATE | D1: DEPT | E1: WORLD | F1: DIVISION | G1: CLASS | H1: SUPPLIER | I1: BRAND | J1: SKU | K1: ARTICLE | L1: DESCRIPTION | M1: HARGA NORMAL | N1: DISKON | O1: HARGA PROMO | P1: DISCOUNT TYPE
A2: 2026 HILITE DISC 30 | B2: ='2025 JUNSEPT B1G1 - 3321'!B6 -> 46121 | C2: ='2025 JUNSEPT B1G1 - 3321'!C6 -> 46127 | D2: 3321 | E2: 337 | F2: 4 | G2: 5 | H2: 81698 | I2: CHARACTER | J2: 68397475 | K2: DSSAMM | L2: SS MIDI DRESS WOVEN SA MY MELODY DSSAMM:PASTEL GREEN:4:GRAPHIC:SS MIDI DRESS | M2: 179900 | N2: 0.3 | O2: =M2-((30*M2)/100) -> 125930 | P2: PERCENTAGE
A3: =A2 -> 2026 HILITE DISC 30 | B3: =B2 -> 46121 | C3: =C2 -> 46127 | D3: 3321 | E3: 337 | F3: 4 | G3: 5 | H3: 81698 | I3: CHARACTER | J3: 68397484 | K3: DSSAMM | L3: SS MIDI DRESS WOVEN SA MY MELODY DSSAMM:PASTEL GREEN:5:GRAPHIC:SS MIDI DRESS | M3: 179900 | N3: =N2 -> 0.3 | O3: =M3-((30*M3)/100) -> 125930 | P3: =P2 -> PERCENTAGE
A4: =A3 -> 2026 HILITE DISC 30 | B4: =B3 -> 46121 | C4: =C3 -> 46127 | D4: 3321 | E4: 337 | F4: 4 | G4: 5 | H4: 81698 | I4: CHARACTER | J4: 68397493 | K4: DSSAMM | L4: SS MIDI DRESS WOVEN SA MY MELODY DSSAMM:PASTEL GREEN:6:GRAPHIC:SS MIDI DRESS | M4: 179900 | N4: =N3 -> 0.3 | O4: =M4-((30*M4)/100) -> 125930 | P4: =P3 -> PERCENTAGE
A5: =A4 -> 2026 HILITE DISC 30 | B5: =B4 -> 46121 | C5: =C4 -> 46127 | D5: 3321 | E5: 337 | F5: 4 | G5: 5 | H5: 81698 | I5: CHARACTER | J5: 68397500 | K5: DSSAMM | L5: SS MIDI DRESS WOVEN SA MY MELODY DSSAMM:PASTEL GREEN:7-8:GRAPHIC:SS MIDI DRESS | M5: 179900 | N5: =N4 -> 0.3 | O5: =M5-((30*M5)/100) -> 125930 | P5: =P4 -> PERCENTAGE
A6: =A5 -> 2026 HILITE DISC 30 | B6: =B5 -> 46121 | C6: =C5 -> 46127 | D6: 3321 | E6: 337 | F6: 4 | G6: 5 | H6: 81698 | I6: CHARACTER | J6: 68397519 | K6: DSSAMM | L6: SS MIDI DRESS WOVEN SA MY MELODY DSSAMM:PASTEL GREEN:9-10:GRAPHIC:SS MIDI DRESS | M6: 179900 | N6: =N5 -> 0.3 | O6: =M6-((30*M6)/100) -> 125930 | P6: =P5 -> PERCENTAGE
A7: =A6 -> 2026 HILITE DISC 30 | B7: =B6 -> 46121 | C7: =C6 -> 46127 | D7: 3321 | E7: 337 | F7: 4 | G7: 5 | H7: 81698 | I7: CHARACTER | J7: 68397528 | K7: DSSAMM | L7: SS MIDI DRESS WOVEN SA MY MELODY DSSAMM:PASTEL GREEN:11-12:GRAPHIC:SS MIDI DRESS | M7: 179900 | N7: =N6 -> 0.3 | O7: =M7-((30*M7)/100) -> 125930 | P7: =P6 -> PERCENTAGE
A8: =A7 -> 2026 HILITE DISC 30 | B8: =B7 -> 46121 | C8: =C7 -> 46127 | D8: 3321 | E8: 337 | F8: 4 | G8: 5 | H8: 81698 | I8: CHARACTER | J8: 68397537 | K8: DSSAMM | L8: SS MIDI DRESS WOVEN SA MY MELODY DSSAMM:PASTEL GREEN:13-14:GRAPHIC:SS MIDI DRESS | M8: 179900 | N8: =N7 -> 0.3 | O8: =M8-((30*M8)/100) -> 125930 | P8: =P7 -> PERCENTAGE
A9: =A8 -> 2026 HILITE DISC 30 | B9: =B8 -> 46121 | C9: =C8 -> 46127 | D9: 3321 | E9: 337 | F9: 4 | G9: 2 | H9: 81005 | I9: CHARACTER | J9: 68397617 | K9: SSIKATKU | L9: SS SHIRT TOP WOVEN KUROMI KEMEJA IKAT SSIKATKU:KHAKI:4:GRAPHIC:SS SHIRT | M9: 149900 | N9: =N8 -> 0.3 | O9: =M9-((30*M9)/100) -> 104930 | P9: =P8 -> PERCENTAGE
A10: =A9 -> 2026 HILITE DISC 30 | B10: =B9 -> 46121 | C10: =C9 -> 46127 | D10: 3321 | E10: 337 | F10: 4 | G10: 2 | H10: 81005 | I10: CHARACTER | J10: 68397626 | K10: SSIKATKU | L10: SS SHIRT TOP WOVEN KUROMI KEMEJA IKAT SSIKATKU:KHAKI:5:GRAPHIC:SS SHIRT | M10: 149900 | N10: =N9 -> 0.3 | O10: =M10-((30*M10)/100) -> 104930 | P10: =P9 -> PERCENTAGE
A11: =A10 -> 2026 HILITE DISC 30 | B11: =B10 -> 46121 | C11: =C10 -> 46127 | D11: 3321 | E11: 337 | F11: 4 | G11: 2 | H11: 81005 | I11: CHARACTER | J11: 68397635 | K11: SSIKATKU | L11: SS SHIRT TOP WOVEN KUROMI KEMEJA IKAT SSIKATKU:KHAKI:6:GRAPHIC:SS SHIRT | M11: 149900 | N11: =N10 -> 0.3 | O11: =M11-((30*M11)/100) -> 104930 | P11: =P10 -> PERCENTAGE
A12: =A11 -> 2026 HILITE DISC 30 | B12: =B11 -> 46121 | C12: =C11 -> 46127 | D12: 3321 | E12: 337 | F12: 4 | G12: 2 | H12: 81005 | I12: CHARACTER | J12: 68397644 | K12: SSIKATKU | L12: SS SHIRT TOP WOVEN KUROMI KEMEJA IKAT SSIKATKU:KHAKI:7-8:GRAPHIC:SS SHIRT | M12: 149900 | N12: =N11 -> 0.3 | O12: =M12-((30*M12)/100) -> 104930 | P12: =P11 -> PERCENTAGE
A13: =A12 -> 2026 HILITE DISC 30 | B13: =B12 -> 46121 | C13: =C12 -> 46127 | D13: 3321 | E13: 337 | F13: 4 | G13: 2 | H13: 81005 | I13: CHARACTER | J13: 68397653 | K13: SSIKATKU | L13: SS SHIRT TOP WOVEN KUROMI KEMEJA IKAT SSIKATKU:KHAKI:9-10:GRAPHIC:SS SHIRT | M13: 149900 | N13: =N12 -> 0.3 | O13: =M13-((30*M13)/100) -> 104930 | P13: =P12 -> PERCENTAGE
A14: =A13 -> 2026 HILITE DISC 30 | B14: =B13 -> 46121 | C14: =C13 -> 46127 | D14: 3321 | E14: 337 | F14: 4 | G14: 2 | H14: 81005 | I14: CHARACTER | J14: 68397662 | K14: SSIKATKU | L14: SS SHIRT TOP WOVEN KUROMI KEMEJA IKAT SSIKATKU:KHAKI:11-12:GRAPHIC:SS SHIRT | M14: 149900 | N14: =N13 -> 0.3 | O14: =M14-((30*M14)/100) -> 104930 | P14: =P13 -> PERCENTAGE
... A43: =A42 -> 2026 HILITE DISC 30 | B43: =B42 -> 46121 | C43: =C42 -> 46127 | D43: 3321 | E43: 337 | F43: 4 | G43: 5 | H43: 81005 | I43: CHARACTER | J43: 68784412 | K43: DSDNCN | L43: SS MIDI DRESS WOVEN DNM COLLAR CINNAMOROLL DSDNCN:CLASSIC BLUE:13-14:GRAPHIC:SS MIDI DRESS | M43: 99900 | N43: =N42 -> 0.3 | O43: =M43-((30*M43)/100) -> 69930 | P43: =P42 -> PERCENTAGE

Sheet 2025 DEC D30 -3321
A1: ACARA | B1: FROM DATE | C1: TO DATE | D1: DEPT | E1: WORLD | F1: DIVISION | G1: CLASS | H1: SUPPLIER | I1: BRAND | J1: SKU | K1: ARTICLE | L1: DESCRIPTION | M1: HARGA NORMAL | N1: DISKON | O1: HARGA PROMO | P1: DISCOUNT TYPE
A2: 2025 DEC DISC 30 | B2: ='2025 JUNSEPT B1G1 - 3321'!B6 -> 46121 | C2: ='2025 JUNSEPT B1G1 - 3321'!C6 -> 46127 | D2: 3321 | E2: 337 | F2: 4 | G2: 1 | H2: 81588 | I2: CHARACTER | J2: 63151873 | K2: TSSNCN | L2: SS T-SHIRT CINNAMOROLL SNACK TSSNCN:LIGHT BLUE:4:GRAPHIC:SS T-SHIRT | M2: 99900 | N2: 0.3 | O2: =M2-((30*M2)/100) -> 69930 | P2: PERCENTAGE
A3: =A2 -> 2025 DEC DISC 30 | B3: =B2 -> 46121 | C3: =C2 -> 46127 | D3: 3321 | E3: 337 | F3: 4 | G3: 1 | H3: 81588 | I3: CHARACTER | J3: 63151882 | K3: TSSNCN | L3: SS T-SHIRT CINNAMOROLL SNACK TSSNCN:LIGHT BLUE:5:GRAPHIC:SS T-SHIRT | M3: 99900 | N3: 0.3 | O3: =M3-((30*M3)/100) -> 69930 | P3: PERCENTAGE
A4: =A3 -> 2025 DEC DISC 30 | B4: =B3 -> 46121 | C4: =C3 -> 46127 | D4: 3321 | E4: 337 | F4: 4 | G4: 1 | H4: 81588 | I4: CHARACTER | J4: 63151891 | K4: TSSNCN | L4: SS T-SHIRT CINNAMOROLL SNACK TSSNCN:LIGHT BLUE:6:GRAPHIC:SS T-SHIRT | M4: 99900 | N4: 0.3 | O4: =M4-((30*M4)/100) -> 69930 | P4: PERCENTAGE
A5: =A4 -> 2025 DEC DISC 30 | B5: =B4 -> 46121 | C5: =C4 -> 46127 | D5: 3321 | E5: 337 | F5: 4 | G5: 1 | H5: 81588 | I5: CHARACTER | J5: 63151908 | K5: TSSNCN | L5: SS T-SHIRT CINNAMOROLL SNACK TSSNCN:LIGHT BLUE:7-8:GRAPHIC:SS T-SHIRT | M5: 99900 | N5: 0.3 | O5: =M5-((30*M5)/100) -> 69930 | P5: PERCENTAGE
A6: =A5 -> 2025 DEC DISC 30 | B6: =B5 -> 46121 | C6: =C5 -> 46127 | D6: 3321 | E6: 337 | F6: 4 | G6: 1 | H6: 81588 | I6: CHARACTER | J6: 63151917 | K6: TSSNCN | L6: SS T-SHIRT CINNAMOROLL SNACK TSSNCN:LIGHT BLUE:9-10:GRAPHIC:SS T-SHIRT | M6: 99900 | N6: 0.3 | O6: =M6-((30*M6)/100) -> 69930 | P6: PERCENTAGE
A7: =A6 -> 2025 DEC DISC 30 | B7: =B6 -> 46121 | C7: =C6 -> 46127 | D7: 3321 | E7: 337 | F7: 4 | G7: 1 | H7: 81588 | I7: CHARACTER | J7: 63151926 | K7: TSSNCN | L7: SS T-SHIRT CINNAMOROLL SNACK TSSNCN:LIGHT BLUE:11-12:GRAPHIC:SS T-SHIRT | M7: 99900 | N7: 0.3 | O7: =M7-((30*M7)/100) -> 69930 | P7: PERCENTAGE
A8: =A7 -> 2025 DEC DISC 30 | B8: =B7 -> 46121 | C8: =C7 -> 46127 | D8: 3321 | E8: 337 | F8: 4 | G8: 1 | H8: 81588 | I8: CHARACTER | J8: 63152078 | K8: TS425KT2 | L8: SS T-SHIRT HELLO KITTY TS425KT2:OFF WHITE:7-8:GRAPHIC:SS T-SHIRT | M8: 99900 | N8: 0.3 | O8: =M8-((30*M8)/100) -> 69930 | P8: PERCENTAGE
A9: =A8 -> 2025 DEC DISC 30 | B9: =B8 -> 46121 | C9: =C8 -> 46127 | D9: 3321 | E9: 337 | F9: 4 | G9: 1 | H9: 81588 | I9: CHARACTER | J9: 63152087 | K9: TS425KT2 | L9: SS T-SHIRT HELLO KITTY TS425KT2:OFF WHITE:9-10:GRAPHIC:SS T-SHIRT | M9: 99900 | N9: 0.3 | O9: =M9-((30*M9)/100) -> 69930 | P9: PERCENTAGE
A10: =A9 -> 2025 DEC DISC 30 | B10: =B9 -> 46121 | C10: =C9 -> 46127 | D10: 3321 | E10: 337 | F10: 4 | G10: 1 | H10: 81588 | I10: CHARACTER | J10: 63152096 | K10: TS425KT2 | L10: SS T-SHIRT HELLO KITTY TS425KT2:OFF WHITE:11-12:GRAPHIC:SS T-SHIRT | M10: 99900 | N10: 0.3 | O10: =M10-((30*M10)/100) -> 69930 | P10: PERCENTAGE
A11: =A10 -> 2025 DEC DISC 30 | B11: =B10 -> 46121 | C11: =C10 -> 46127 | D11: 3321 | E11: 337 | F11: 4 | G11: 1 | H11: 81588 | I11: CHARACTER | J11: 63152103 | K11: TS425KT2 | L11: SS T-SHIRT HELLO KITTY TS425KT2:OFF WHITE:13-14:GRAPHIC:SS T-SHIRT | M11: 99900 | N11: 0.3 | O11: =M11-((30*M11)/100) -> 69930 | P11: PERCENTAGE
A12: =A11 -> 2025 DEC DISC 30 | B12: =B11 -> 46121 | C12: =C11 -> 46127 | D12: 3321 | E12: 337 | F12: 4 | G12: 1 | H12: 81588 | I12: CHARACTER | J12: 63152158 | K12: TSLVKU | L12: SS T-SHIRT KUROMI LOVE TSLVKU:OFF WHITE:4:GRAPHIC:SS T-SHIRT | M12: 99900 | N12: 0.3 | O12: =M12-((30*M12)/100) -> 69930 | P12: PERCENTAGE
A13: =A12 -> 2025 DEC DISC 30 | B13: =B12 -> 46121 | C13: =C12 -> 46127 | D13: 3321 | E13: 337 | F13: 4 | G13: 1 | H13: 81588 | I13: CHARACTER | J13: 63152167 | K13: TSLVKU | L13: SS T-SHIRT KUROMI LOVE TSLVKU:OFF WHITE:5:GRAPHIC:SS T-SHIRT | M13: 99900 | N13: 0.3 | O13: =M13-((30*M13)/100) -> 69930 | P13: PERCENTAGE
A14: =A13 -> 2025 DEC DISC 30 | B14: =B13 -> 46121 | C14: =C13 -> 46127 | D14: 3321 | E14: 337 | F14: 4 | G14: 1 | H14: 81588 | I14: CHARACTER | J14: 63152176 | K14: TSLVKU | L14: SS T-SHIRT KUROMI LOVE TSLVKU:OFF WHITE:6:GRAPHIC:SS T-SHIRT | M14: 99900 | N14: 0.3 | O14: =M14-((30*M14)/100) -> 69930 | P14: PERCENTAGE
... A41: =A40 -> 2025 DEC DISC 30 | B41: =B40 -> 46121 | C41: =C40 -> 46127 | D41: 3321 | E41: 337 | F41: 4 | G41: 5 | H41: 81588 | I41: CHARACTER | J41: 66253418 | K41: DS425MM | L41: SS MIDI DRESS MY MELODY SAILOR COLLAR DS425MM:PASTEL PINK:7-8:EMBRO:SS MIDI DRESS | M41: 179900 | N41: 0.3 | O41: =M41-((30*M41)/100) -> 125930 | P41: PERCENTAGE

Sheet 2025 OCTNOV D30 -3321
A1: ACARA | B1: FROM DATE | C1: TO DATE | D1: DEPT | E1: WORLD | F1: DIVISION | G1: CLASS | H1: SUPPLIER | I1: BRAND | J1: SKU | K1: ARTICLE | L1: DESCRIPTION | M1: HARGA NORMAL | N1: DISKON | O1: HARGA PROMO | P1: DISCOUNT TYPE
A2: 2025 OCT-NOV DISC 30 | B2: 46121 | C2: 46127 | D2: 3321 | E2: 337 | F2: 4 | G2: 5 | H2: 81005 | I2: CHARACTER | J2: 59168284 | K2: DSOPAW | L2: SS MIDI DRESS OVR PAW PATROL KTG DPN DSOPAW:PASTEL PINK:4:GRAPHIC:SS MIDI DRESS | M2: 179900 | N2: 0.3 | O2: =M2-((30*M2)/100) -> 125930 | P2: PERCENTAGE
A3: =A2 -> 2025 OCT-NOV DISC 30 | B3: =B2 -> 46121 | C3: =C2 -> 46127 | D3: 3321 | E3: 337 | F3: 4 | G3: 5 | H3: 81005 | I3: CHARACTER | J3: 59168293 | K3: DSOPAW | L3: SS MIDI DRESS OVR PAW PATROL KTG DPN DSOPAW:PASTEL PINK:5:GRAPHIC:SS MIDI DRESS | M3: 179900 | N3: =N2 -> 0.3 | O3: =M3-((30*M3)/100) -> 125930 | P3: PERCENTAGE
A4: =A3 -> 2025 OCT-NOV DISC 30 | B4: =B3 -> 46121 | C4: =C3 -> 46127 | D4: 3321 | E4: 337 | F4: 4 | G4: 5 | H4: 81005 | I4: CHARACTER | J4: 59168300 | K4: DSOPAW | L4: SS MIDI DRESS OVR PAW PATROL KTG DPN DSOPAW:PASTEL PINK:6:GRAPHIC:SS MIDI DRESS | M4: 179900 | N4: =N3 -> 0.3 | O4: =M4-((30*M4)/100) -> 125930 | P4: PERCENTAGE
A5: =A4 -> 2025 OCT-NOV DISC 30 | B5: =B4 -> 46121 | C5: =C4 -> 46127 | D5: 3321 | E5: 337 | F5: 4 | G5: 5 | H5: 81005 | I5: CHARACTER | J5: 59168319 | K5: DSOPAW | L5: SS MIDI DRESS OVR PAW PATROL KTG DPN DSOPAW:PASTEL PINK:7-8:GRAPHIC:SS MIDI DRESS | M5: 179900 | N5: =N4 -> 0.3 | O5: =M5-((30*M5)/100) -> 125930 | P5: PERCENTAGE
A6: =A5 -> 2025 OCT-NOV DISC 30 | B6: =B5 -> 46121 | C6: =C5 -> 46127 | D6: 3321 | E6: 337 | F6: 4 | G6: 5 | H6: 190 | I6: CHARACTER | J6: 63152390 | K6: DSPAGKT | L6: SS MIDI DRESS POLO HELLO KITTY DSPAGKT:PASTEL PINK:4:EMBRO:SS MIDI DRESS | M6: 179900 | N6: =N5 -> 0.3 | O6: =M6-((30*M6)/100) -> 125930 | P6: PERCENTAGE
A7: =A6 -> 2025 OCT-NOV DISC 30 | B7: =B6 -> 46121 | C7: =C6 -> 46127 | D7: 3321 | E7: 337 | F7: 4 | G7: 5 | H7: 190 | I7: CHARACTER | J7: 63152407 | K7: DSPAGKT | L7: SS MIDI DRESS POLO HELLO KITTY DSPAGKT:PASTEL PINK:5:EMBRO:SS MIDI DRESS | M7: 179900 | N7: =N6 -> 0.3 | O7: =M7-((30*M7)/100) -> 125930 | P7: PERCENTAGE
A8: =A7 -> 2025 OCT-NOV DISC 30 | B8: =B7 -> 46121 | C8: =C7 -> 46127 | D8: 3321 | E8: 337 | F8: 4 | G8: 5 | H8: 190 | I8: CHARACTER | J8: 63152416 | K8: DSPAGKT | L8: SS MIDI DRESS POLO HELLO KITTY DSPAGKT:PASTEL PINK:6:EMBRO:SS MIDI DRESS | M8: 179900 | N8: =N7 -> 0.3 | O8: =M8-((30*M8)/100) -> 125930 | P8: PERCENTAGE
A9: =A8 -> 2025 OCT-NOV DISC 30 | B9: =B8 -> 46121 | C9: =C8 -> 46127 | D9: 3321 | E9: 337 | F9: 4 | G9: 5 | H9: 190 | I9: CHARACTER | J9: 63152425 | K9: DSPAGKT | L9: SS MIDI DRESS POLO HELLO KITTY DSPAGKT:PASTEL PINK:7-8:EMBRO:SS MIDI DRESS | M9: 179900 | N9: =N8 -> 0.3 | O9: =M9-((30*M9)/100) -> 125930 | P9: PERCENTAGE
A10: =A9 -> 2025 OCT-NOV DISC 30 | B10: =B9 -> 46121 | C10: =C9 -> 46127 | D10: 3321 | E10: 337 | F10: 4 | G10: 5 | H10: 190 | I10: CHARACTER | J10: 63152434 | K10: DSPAGKT | L10: SS MIDI DRESS POLO HELLO KITTY DSPAGKT:PASTEL PINK:9-10:EMBRO:SS MIDI DRESS | M10: 179900 | N10: =N9 -> 0.3 | O10: =M10-((30*M10)/100) -> 125930 | P10: PERCENTAGE
A11: =A10 -> 2025 OCT-NOV DISC 30 | B11: =B10 -> 46121 | C11: =C10 -> 46127 | D11: 3321 | E11: 337 | F11: 4 | G11: 5 | H11: 190 | I11: CHARACTER | J11: 63152443 | K11: DSPAGKT | L11: SS MIDI DRESS POLO HELLO KITTY DSPAGKT:PASTEL PINK:11-12:EMBRO:SS MIDI DRESS | M11: 179900 | N11: =N10 -> 0.3 | O11: =M11-((30*M11)/100) -> 125930 | P11: PERCENTAGE
A12: =A11 -> 2025 OCT-NOV DISC 30 | B12: =B11 -> 46121 | C12: =C11 -> 46127 | D12: 3321 | E12: 337 | F12: 4 | G12: 3 | H12: 81005 | I12: CHARACTER | J12: 63152274 | K12: JKFLCKU | L12: JACKET FLEECE KUROMI JKFLCKU:BLACK:4:GRAPHIC:JACKET | M12: 199900 | N12: =N11 -> 0.3 | O12: =M12-((30*M12)/100) -> 139930 | P12: PERCENTAGE
A13: =A12 -> 2025 OCT-NOV DISC 30 | B13: =B12 -> 46121 | C13: =C12 -> 46127 | D13: 3321 | E13: 337 | F13: 4 | G13: 3 | H13: 81005 | I13: CHARACTER | J13: 63152283 | K13: JKFLCKU | L13: JACKET FLEECE KUROMI JKFLCKU:BLACK:5:GRAPHIC:JACKET | M13: 199900 | N13: =N12 -> 0.3 | O13: =M13-((30*M13)/100) -> 139930 | P13: PERCENTAGE
A14: =A13 -> 2025 OCT-NOV DISC 30 | B14: =B13 -> 46121 | C14: =C13 -> 46127 | D14: 3321 | E14: 337 | F14: 4 | G14: 3 | H14: 81005 | I14: CHARACTER | J14: 63152292 | K14: JKFLCKU | L14: JACKET FLEECE KUROMI JKFLCKU:BLACK:6:GRAPHIC:JACKET | M14: 199900 | N14: =N13 -> 0.3 | O14: =M14-((30*M14)/100) -> 139930 | P14: PERCENTAGE
... A97: =A96 -> 2025 OCT-NOV DISC 30 | B97: =B96 -> 46121 | C97: =C96 -> 46127 | D97: 3321 | E97: 337 | F97: 4 | G97: 1 | H97: 81588 | I97: CHARACTER | J97: 55507441 | K97: TSTNJ4 | L97: SS T-SHIRT TOM N JERRY HIDE N SEEK TSTNJ4:PASTEL ORANGE:11-12:GRAPHIC:SS T-SHIRT | M97: 99900 | N97: =N96 -> 0.3 | O97: =M97-((30*M97)/100) -> 69930 | P97: PERCENTAGE

Sheet 2025 JUNSEPT B1G1 - 3321
A1: ACARA | B1: FROM DATE | C1: TO DATE | D1: DEPT | E1: WORLD | F1: DIVISION | G1: CLASS | H1: SUPPLIER | I1: BRAND | J1: SKU | K1: ARTICLE | L1: DESCRIPTION | M1: HARGA NORMAL | N1: DISKON | O1: HARGA PROMO | P1: DISCOUNT TYPE
A2: 2025 JUNSEPT B1G1 | B2: 46121 | C2: 46127 | D2: 3321 | E2: 337 | F2: 4 | G2: 5 | H2: 190 | I2: CHARACTER | J2: 54955076 | K2: DS3CN | L2: SS MIDI DRESS CINNAMOROLL DS3CN:PASTEL PINK:4:GRAPHIC:SS MIDI DRESS | M2: 149900 | N2: BXGY | O2: B1G1 | P2: BXGY
A3: =A2 -> 2025 JUNSEPT B1G1 | B3: =B2 -> 46121 | C3: =C2 -> 46127 | D3: 3321 | E3: 337 | F3: 4 | G3: 5 | H3: 190 | I3: CHARACTER | J3: 54955085 | K3: DS3CN | L3: SS MIDI DRESS CINNAMOROLL DS3CN:PASTEL PINK:5:GRAPHIC:SS MIDI DRESS | M3: 149900 | N3: BXGY | O3: B1G1 | P3: BXGY
A4: =A3 -> 2025 JUNSEPT B1G1 | B4: =B3 -> 46121 | C4: =C3 -> 46127 | D4: 3321 | E4: 337 | F4: 4 | G4: 5 | H4: 190 | I4: CHARACTER | J4: 54955094 | K4: DS3CN | L4: SS MIDI DRESS CINNAMOROLL DS3CN:PASTEL PINK:6:GRAPHIC:SS MIDI DRESS | M4: 149900 | N4: BXGY | O4: B1G1 | P4: BXGY
A5: =A4 -> 2025 JUNSEPT B1G1 | B5: =B4 -> 46121 | C5: =C4 -> 46127 | D5: 3321 | E5: 337 | F5: 4 | G5: 5 | H5: 190 | I5: CHARACTER | J5: 54955101 | K5: DS3CN | L5: SS MIDI DRESS CINNAMOROLL DS3CN:PASTEL PINK:7-8:GRAPHIC:SS MIDI DRESS | M5: 149900 | N5: BXGY | O5: B1G1 | P5: BXGY
A6: =A5 -> 2025 JUNSEPT B1G1 | B6: =B5 -> 46121 | C6: =C5 -> 46127 | D6: 3321 | E6: 337 | F6: 4 | G6: 5 | H6: 81146 | I6: CHARACTER | J6: 55301627 | K6: DS3HK | L6: SS MIDI DRESS HELLO KITTY DS3HK:PASTEL PINK:4:GRAPHIC:SS MIDI DRESS | M6: 149900 | N6: BXGY | O6: B1G1 | P6: BXGY
A7: =A6 -> 2025 JUNSEPT B1G1 | B7: =B6 -> 46121 | C7: =C6 -> 46127 | D7: 3321 | E7: 337 | F7: 4 | G7: 5 | H7: 81146 | I7: CHARACTER | J7: 55301636 | K7: DS3HK | L7: SS MIDI DRESS HELLO KITTY DS3HK:PASTEL PINK:5:GRAPHIC:SS MIDI DRESS | M7: 149900 | N7: BXGY | O7: B1G1 | P7: BXGY
A8: =A7 -> 2025 JUNSEPT B1G1 | B8: =B7 -> 46121 | C8: =C7 -> 46127 | D8: 3321 | E8: 337 | F8: 4 | G8: 5 | H8: 81146 | I8: CHARACTER | J8: 55301645 | K8: DS3HK | L8: SS MIDI DRESS HELLO KITTY DS3HK:PASTEL PINK:6:GRAPHIC:SS MIDI DRESS | M8: 149900 | N8: BXGY | O8: B1G1 | P8: BXGY
A9: =A8 -> 2025 JUNSEPT B1G1 | B9: =B8 -> 46121 | C9: =C8 -> 46127 | D9: 3321 | E9: 337 | F9: 4 | G9: 5 | H9: 81146 | I9: CHARACTER | J9: 55301654 | K9: DS3HK | L9: SS MIDI DRESS HELLO KITTY DS3HK:PASTEL PINK:7-8:GRAPHIC:SS MIDI DRESS | M9: 149900 | N9: BXGY | O9: B1G1 | P9: BXGY
A10: =A9 -> 2025 JUNSEPT B1G1 | B10: =B9 -> 46121 | C10: =C9 -> 46127 | D10: 3321 | E10: 337 | F10: 4 | G10: 5 | H10: 81588 | I10: CHARACTER | J10: 55301583 | K10: DS3KU1 | L10: SS MIDI DRESS KUROMI DS3KU1:PASTEL PURPLE:4:GRAPHIC:SS MIDI DRESS | M10: 149900 | N10: BXGY | O10: B1G1 | P10: BXGY
A11: =A10 -> 2025 JUNSEPT B1G1 | B11: =B10 -> 46121 | C11: =C10 -> 46127 | D11: 3321 | E11: 337 | F11: 4 | G11: 5 | H11: 81588 | I11: CHARACTER | J11: 55301592 | K11: DS3KU1 | L11: SS MIDI DRESS KUROMI DS3KU1:PASTEL PURPLE:5:GRAPHIC:SS MIDI DRESS | M11: 149900 | N11: BXGY | O11: B1G1 | P11: BXGY
A12: =A11 -> 2025 JUNSEPT B1G1 | B12: =B11 -> 46121 | C12: =C11 -> 46127 | D12: 3321 | E12: 337 | F12: 4 | G12: 5 | H12: 81588 | I12: CHARACTER | J12: 55301609 | K12: DS3KU1 | L12: SS MIDI DRESS KUROMI DS3KU1:PASTEL PURPLE:6:GRAPHIC:SS MIDI DRESS | M12: 149900 | N12: BXGY | O12: B1G1 | P12: BXGY
A13: =A12 -> 2025 JUNSEPT B1G1 | B13: =B12 -> 46121 | C13: =C12 -> 46127 | D13: 3321 | E13: 337 | F13: 4 | G13: 5 | H13: 81588 | I13: CHARACTER | J13: 55301618 | K13: DS3KU1 | L13: SS MIDI DRESS KUROMI DS3KU1:PASTEL PURPLE:7-8:GRAPHIC:SS MIDI DRESS | M13: 149900 | N13: BXGY | O13: B1G1 | P13: BXGY
A14: =A13 -> 2025 JUNSEPT B1G1 | B14: =B13 -> 46121 | C14: =C13 -> 46127 | D14: 3321 | E14: 337 | F14: 4 | G14: 5 | H14: 81588 | I14: CHARACTER | J14: 61094528 | K14: DS3KU2 | L14: SS MIDI DRESS COLLAR KUROMI DS3KU2:BLACK:7-8:GRAPHIC:SS MIDI DRESS | M14: 179900 | N14: BXGY | O14: B1G1 | P14: BXGY
... A237: =A236 -> 2025 JUNSEPT B1G1 | B237: =B236 -> 46121 | C237: =C236 -> 46127 | D237: 3321 | E237: 337 | F237: 4 | G237: 5 | H237: 81005 | I237: CHARACTER | J237: 54391363 | K237: SETMM | L237: TOP - BOTTOM SET SKORT MY MELODY SETMM:PASTEL PINK:7-8:GRAPHIC:TOP - BOTTOM SET | M237: 299900 | N237: BXGY | O237: B1G1 | P237: BXGY

Sheet 2025 JAN-MEI D75 - 3321
A1: ACARA | B1: FROM DATE | C1: TO DATE | D1: DEPT | E1: WORLD | F1: DIVISION | G1: CLASS | H1: SUPPLIER | I1: BRAND | J1: SKU | K1: ARTICLE | L1: DESCRIPTION | M1: HARGA NORMAL | N1: DISKON | O1: HARGA PROMO | P1: DISCOUNT TYPE
A2: 2025 JAN-MEI DISC 75% | B2: 46121 | C2: 46127 | D2: 3321 | E2: 337 | F2: 4 | G2: 4 | H2: 81588 | I2: CHARACTER | J2: 51607135 | K2: SKKU | L2: SKORT PARASUT KUROMI SKKU:BLACK:3-4:GRAPHIC:SKORT | M2: 199900 | N2: 0.75 | O2: =M2-((75*M2)/100) -> 49975 | P2: PERCENTAGE
A3: =A2 -> 2025 JAN-MEI DISC 75% | B3: =B2 -> 46121 | C3: =C2 -> 46127 | D3: 3321 | E3: 337 | F3: 4 | G3: 4 | H3: 81588 | I3: CHARACTER | J3: 51607144 | K3: SKKU | L3: SKORT PARASUT KUROMI SKKU:BLACK:4-5:GRAPHIC:SKORT | M3: 199900 | N3: 0.75 | O3: =M3-((75*M3)/100) -> 49975 | P3: =P2 -> PERCENTAGE
A4: =A3 -> 2025 JAN-MEI DISC 75% | B4: =B3 -> 46121 | C4: =C3 -> 46127 | D4: 3321 | E4: 337 | F4: 4 | G4: 4 | H4: 81588 | I4: CHARACTER | J4: 51607153 | K4: SKKU | L4: SKORT PARASUT KUROMI SKKU:BLACK:5-6:GRAPHIC:SKORT | M4: 199900 | N4: 0.75 | O4: =M4-((75*M4)/100) -> 49975 | P4: =P3 -> PERCENTAGE
A5: =A4 -> 2025 JAN-MEI DISC 75% | B5: =B4 -> 46121 | C5: =C4 -> 46127 | D5: 3321 | E5: 337 | F5: 4 | G5: 4 | H5: 81588 | I5: CHARACTER | J5: 51607162 | K5: SKKU | L5: SKORT PARASUT KUROMI SKKU:BLACK:7-8:GRAPHIC:SKORT | M5: 199900 | N5: 0.75 | O5: =M5-((75*M5)/100) -> 49975 | P5: =P4 -> PERCENTAGE
A6: =A5 -> 2025 JAN-MEI DISC 75% | B6: =B5 -> 46121 | C6: =C5 -> 46127 | D6: 3321 | E6: 337 | F6: 4 | G6: 4 | H6: 81588 | I6: CHARACTER | J6: 51837191 | K6: SKKU | L6: SKORT PARASUT KUROMI SKKU:BLACK:9-10:GRAPHIC:SKORT | M6: 199900 | N6: 0.75 | O6: =M6-((75*M6)/100) -> 49975 | P6: =P5 -> PERCENTAGE
A7: =A6 -> 2025 JAN-MEI DISC 75% | B7: =B6 -> 46121 | C7: =C6 -> 46127 | D7: 3321 | E7: 337 | F7: 4 | G7: 4 | H7: 81588 | I7: CHARACTER | J7: 51837208 | K7: SKKU | L7: SKORT PARASUT KUROMI SKKU:BLACK:11-12:GRAPHIC:SKORT | M7: 199900 | N7: 0.75 | O7: =M7-((75*M7)/100) -> 49975 | P7: =P6 -> PERCENTAGE
A8: =A7 -> 2025 JAN-MEI DISC 75% | B8: =B7 -> 46121 | C8: =C7 -> 46127 | D8: 3321 | E8: 337 | F8: 4 | G8: 5 | H8: 190 | I8: CHARACTER | J8: 51607019 | K8: DSOARMM | L8: SS MIDI DRESS OVERALL MY MELODY DSOARMM:PASTEL GREEN:3-4:GRAPHIC:SS MIDI DRESS | M8: 259900 | N8: 0.75 | O8: =M8-((75*M8)/100) -> 64975 | P8: =P7 -> PERCENTAGE
A9: =A8 -> 2025 JAN-MEI DISC 75% | B9: =B8 -> 46121 | C9: =C8 -> 46127 | D9: 3321 | E9: 337 | F9: 4 | G9: 5 | H9: 190 | I9: CHARACTER | J9: 51607028 | K9: DSOARMM | L9: SS MIDI DRESS OVERALL MY MELODY DSOARMM:PASTEL GREEN:4-5:GRAPHIC:SS MIDI DRESS | M9: 259900 | N9: 0.75 | O9: =M9-((75*M9)/100) -> 64975 | P9: =P8 -> PERCENTAGE
A10: =A9 -> 2025 JAN-MEI DISC 75% | B10: =B9 -> 46121 | C10: =C9 -> 46127 | D10: 3321 | E10: 337 | F10: 4 | G10: 5 | H10: 190 | I10: CHARACTER | J10: 51607037 | K10: DSOARMM | L10: SS MIDI DRESS OVERALL MY MELODY DSOARMM:PASTEL GREEN:5-6:GRAPHIC:SS MIDI DRESS | M10: 259900 | N10: 0.75 | O10: =M10-((75*M10)/100) -> 64975 | P10: =P9 -> PERCENTAGE
A11: =A10 -> 2025 JAN-MEI DISC 75% | B11: =B10 -> 46121 | C11: =C10 -> 46127 | D11: 3321 | E11: 337 | F11: 4 | G11: 5 | H11: 190 | I11: CHARACTER | J11: 51607046 | K11: DSOARMM | L11: SS MIDI DRESS OVERALL MY MELODY DSOARMM:PASTEL GREEN:7-8:GRAPHIC:SS MIDI DRESS | M11: 259900 | N11: 0.75 | O11: =M11-((75*M11)/100) -> 64975 | P11: =P10 -> PERCENTAGE
A12: =A11 -> 2025 JAN-MEI DISC 75% | B12: =B11 -> 46121 | C12: =C11 -> 46127 | D12: 3321 | E12: 337 | F12: 4 | G12: 5 | H12: 190 | I12: CHARACTER | J12: 51607055 | K12: DSPTMM | L12: SS MIDI DRESS MY MELODY DSPTMM:PASTEL PINK:3-4:GRAPHIC:SS MIDI DRESS | M12: 259900 | N12: 0.75 | O12: =M12-((75*M12)/100) -> 64975 | P12: =P11 -> PERCENTAGE
A13: =A12 -> 2025 JAN-MEI DISC 75% | B13: =B12 -> 46121 | C13: =C12 -> 46127 | D13: 3321 | E13: 337 | F13: 4 | G13: 5 | H13: 190 | I13: CHARACTER | J13: 51607064 | K13: DSPTMM | L13: SS MIDI DRESS MY MELODY DSPTMM:PASTEL PINK:4-5:GRAPHIC:SS MIDI DRESS | M13: 259900 | N13: 0.75 | O13: =M13-((75*M13)/100) -> 64975 | P13: =P12 -> PERCENTAGE
A14: =A13 -> 2025 JAN-MEI DISC 75% | B14: =B13 -> 46121 | C14: =C13 -> 46127 | D14: 3321 | E14: 337 | F14: 4 | G14: 5 | H14: 190 | I14: CHARACTER | J14: 51607073 | K14: DSPTMM | L14: SS MIDI DRESS MY MELODY DSPTMM:PASTEL PINK:5-6:GRAPHIC:SS MIDI DRESS | M14: 259900 | N14: 0.75 | O14: =M14-((75*M14)/100) -> 64975 | P14: =P13 -> PERCENTAGE
... A176: =A175 -> 2025 JAN-MEI DISC 75% | B176: =B175 -> 46121 | C176: =C175 -> 46127 | D176: 3321 | E176: 337 | F176: 4 | G176: 4 | H176: 81005 | I176: CHARACTER | J176: 54391247 | K176: SKBMM | L176: MINI SKIRT BALON MY MELODY SKBMM:PASTEL PINK:7-8:PRINT:MINI SKIRT | M176: 199900 | N176: 0.75 | O176: =M176-((75*M176)/100) -> 49975 | P176: =P175 -> PERCENTAGE
A177: =A176 -> 2025 JAN-MEI DISC 75% | B177: =B176 -> 46121 | C177: =C176 -> 46127 | D177: 3321 | E177: 337 | F177: 4 | G177: 1 | H177: 81676 | I177: CHARACTER | J177: 54462474 | K177: TSGGHK2 | L177: SS T-SHIRT TD HELLO KITTY TSGGHK2:OFF WHITE:3-4:GRAPHIC:SS T-SHIRT | M177: 149900 | N177: 0.75 | O177: =M177-((75*M177)/100) -> 37475 | P177: PERCENTAGE
A178: =A177 -> 2025 JAN-MEI DISC 75% | B178: =B177 -> 46121 | C178: =C177 -> 46127 | D178: 3321 | E178: 337 | F178: 4 | G178: 1 | H178: 81676 | I178: CHARACTER | J178: 54462483 | K178: TSGGHK2 | L178: SS T-SHIRT TD HELLO KITTY TSGGHK2:OFF WHITE:4-5:GRAPHIC:SS T-SHIRT | M178: 149900 | N178: 0.75 | O178: =M178-((75*M178)/100) -> 37475 | P178: PERCENTAGE
A179: =A178 -> 2025 JAN-MEI DISC 75% | B179: =B178 -> 46121 | C179: =C178 -> 46127 | D179: 3321 | E179: 337 | F179: 4 | G179: 1 | H179: 81676 | I179: CHARACTER | J179: 54462492 | K179: TSGGHK2 | L179: SS T-SHIRT TD HELLO KITTY TSGGHK2:OFF WHITE:5-6:GRAPHIC:SS T-SHIRT | M179: 149900 | N179: 0.75 | O179: =M179-((75*M179)/100) -> 37475 | P179: PERCENTAGE
A180: =A179 -> 2025 JAN-MEI DISC 75% | B180: =B179 -> 46121 | C180: =C179 -> 46127 | D180: 3321 | E180: 337 | F180: 4 | G180: 1 | H180: 81676 | I180: CHARACTER | J180: 54462509 | K180: TSGGHK2 | L180: SS T-SHIRT TD HELLO KITTY TSGGHK2:OFF WHITE:7-8:GRAPHIC:SS T-SHIRT | M180: 149900 | N180: 0.75 | O180: =M180-((75*M180)/100) -> 37475 | P180: PERCENTAGE
A181: =A180 -> 2025 JAN-MEI DISC 75% | B181: =B180 -> 46121 | C181: =C180 -> 46127 | D181: 3321 | E181: 337 | F181: 4 | G181: 1 | H181: 81676 | I181: CHARACTER | J181: 54462518 | K181: TSGGHK2 | L181: SS T-SHIRT TD HELLO KITTY TSGGHK2:OFF WHITE:9-10:GRAPHIC:SS T-SHIRT | M181: 149900 | N181: 0.75 | O181: =M181-((75*M181)/100) -> 37475 | P181: PERCENTAGE
A182: =A181 -> 2025 JAN-MEI DISC 75% | B182: =B181 -> 46121 | C182: =C181 -> 46127 | D182: 3321 | E182: 337 | F182: 4 | G182: 1 | H182: 81676 | I182: CHARACTER | J182: 54462527 | K182: TSGGHK2 | L182: SS T-SHIRT TD HELLO KITTY TSGGHK2:OFF WHITE:11-12:GRAPHIC:SS T-SHIRT | M182: 149900 | N182: 0.75 | O182: =M182-((75*M182)/100) -> 37475 | P182: PERCENTAGE
A183: =A182 -> 2025 JAN-MEI DISC 75% | B183: =B182 -> 46121 | C183: =C182 -> 46127 | D183: 3321 | E183: 337 | F183: 4 | G183: 1 | H183: 81676 | I183: CHARACTER | J183: 54462410 | K183: TSGGHK1 | L183: SS T-SHIRT KTG HELLO KITTY TSGGHK1:PASTEL PINK:3-4:GRAPHIC:SS T-SHIRT | M183: 149900 | N183: 0.75 | O183: =M183-((75*M183)/100) -> 37475 | P183: PERCENTAGE
A184: =A183 -> 2025 JAN-MEI DISC 75% | B184: =B183 -> 46121 | C184: =C183 -> 46127 | D184: 3321 | E184: 337 | F184: 4 | G184: 1 | H184: 81676 | I184: CHARACTER | J184: 54462429 | K184: TSGGHK1 | L184: SS T-SHIRT KTG HELLO KITTY TSGGHK1:PASTEL PINK:4-5:GRAPHIC:SS T-SHIRT | M184: 149900 | N184: 0.75 | O184: =M184-((75*M184)/100) -> 37475 | P184: PERCENTAGE
A185: =A184 -> 2025 JAN-MEI DISC 75% | B185: =B184 -> 46121 | C185: =C184 -> 46127 | D185: 3321 | E185: 337 | F185: 4 | G185: 1 | H185: 81676 | I185: CHARACTER | J185: 54462438 | K185: TSGGHK1 | L185: SS T-SHIRT KTG HELLO KITTY TSGGHK1:PASTEL PINK:5-6:GRAPHIC:SS T-SHIRT | M185: 149900 | N185: 0.75 | O185: =M185-((75*M185)/100) -> 37475 | P185: PERCENTAGE
A186: =A185 -> 2025 JAN-MEI DISC 75% | B186: =B185 -> 46121 | C186: =C185 -> 46127 | D186: 3321 | E186: 337 | F186: 4 | G186: 1 | H186: 81676 | I186: CHARACTER | J186: 54462447 | K186: TSGGHK1 | L186: SS T-SHIRT KTG HELLO KITTY TSGGHK1:PASTEL PINK:7-8:GRAPHIC:SS T-SHIRT | M186: 149900 | N186: 0.75 | O186: =M186-((75*M186)/100) -> 37475 | P186: PERCENTAGE
A187: =A186 -> 2025 JAN-MEI DISC 75% | B187: =B186 -> 46121 | C187: =C186 -> 46127 | D187: 3321 | E187: 337 | F187: 4 | G187: 1 | H187: 81676 | I187: CHARACTER | J187: 54462456 | K187: TSGGHK1 | L187: SS T-SHIRT KTG HELLO KITTY TSGGHK1:PASTEL PINK:9-10:GRAPHIC:SS T-SHIRT | M187: 149900 | N187: 0.75 | O187: =M187-((75*M187)/100) -> 37475 | P187: PERCENTAGE
A188: =A187 -> 2025 JAN-MEI DISC 75% | B188: =B187 -> 46121 | C188: =C187 -> 46127 | D188: 3321 | E188: 337 | F188: 4 | G188: 1 | H188: 81676 | I188: CHARACTER | J188: 54462465 | K188: TSGGHK1 | L188: SS T-SHIRT KTG HELLO KITTY TSGGHK1:PASTEL PINK:11-12:GRAPHIC:SS T-SHIRT | M188: 149900 | N188: 0.75 | O188: =M188-((75*M188)/100) -> 37475 | P188: PERCENTAGE
... A204: =A203 -> 2025 JAN-MEI DISC 75% | B204: =B203 -> 46121 | C204: =C203 -> 46127 | D204: 3321 | E204: 337 | F204: 4 | G204: 1 | H204: 81462 | I204: CHARACTER | J204: 54462401 | K204: TS254MM | L204: SS T-SHIRT MY MELODY TS254MM:PASTEL PINK:7-8:GRAPHIC:SS T-SHIRT | M204: 119900 | N204: 0.75 | O204: =M204-((75*M204)/100) -> 29975 | P204: PERCENTAGE

Sheet 2025 HILITE D80 - 3321
A1: ACARA | B1: FROM DATE | C1: TO DATE | D1: DEPT | E1: WORLD | F1: DIVISION | G1: CLASS | H1: SUPPLIER | I1: BRAND | J1: SKU | K1: ARTICLE | L1: DESCRIPTION | M1: HARGA NORMAL | N1: DISKON | O1: HARGA PROMO | P1: DISCOUNT TYPE
A2: 2025 HILITE DISC 80 | B2: ='2025 JUNSEPT B1G1 - 3321'!B6 -> 46121 | C2: ='2025 JUNSEPT B1G1 - 3321'!C6 -> 46127 | D2: 3321 | E2: 337 | F2: 4 | G2: 3 | H2: 81005 | I2: CHARACTER | J2: 52133270 | K2: LSSWCN | L2: LS SHIRT KOMBI WOVEN CINNAMOROLL LSSWCN:PASTEL PINK:5-6:STRIPES:LS SHIRT | M2: 229900 | N2: 0.8 | O2: =M2-((80*M2)/100) -> 45980 | P2: PERCENTAGE
A3: 2025 HILITE DISC 80 | B3: =B2 -> 46121 | C3: =C2 -> 46127 | D3: 3321 | E3: 337 | F3: 4 | G3: 3 | H3: 81005 | I3: CHARACTER | J3: 52133289 | K3: LSSWCN | L3: LS SHIRT KOMBI WOVEN CINNAMOROLL LSSWCN:PASTEL PINK:7-8:STRIPES:LS SHIRT | M3: 229900 | N3: 0.8 | O3: =M3-((80*M3)/100) -> 45980 | P3: PERCENTAGE
A4: 2025 HILITE DISC 80 | B4: =B3 -> 46121 | C4: =C3 -> 46127 | D4: 3321 | E4: 337 | F4: 4 | G4: 3 | H4: 81005 | I4: CHARACTER | J4: 52133298 | K4: LSSWCN | L4: LS SHIRT KOMBI WOVEN CINNAMOROLL LSSWCN:PASTEL PINK:9-10:STRIPES:LS SHIRT | M4: 229900 | N4: 0.8 | O4: =M4-((80*M4)/100) -> 45980 | P4: PERCENTAGE
A5: 2025 HILITE DISC 80 | B5: =B4 -> 46121 | C5: =C4 -> 46127 | D5: 3321 | E5: 337 | F5: 4 | G5: 3 | H5: 81005 | I5: CHARACTER | J5: 52133305 | K5: LSSWCN | L5: LS SHIRT KOMBI WOVEN CINNAMOROLL LSSWCN:PASTEL PINK:11-12:STRIPES:LS SHIRT | M5: 229900 | N5: 0.8 | O5: =M5-((80*M5)/100) -> 45980 | P5: PERCENTAGE
A6: 2025 HILITE DISC 80 | B6: =B5 -> 46121 | C6: =C5 -> 46127 | D6: 3321 | E6: 337 | F6: 4 | G6: 3 | H6: 81005 | I6: CHARACTER | J6: 52133314 | K6: LSSWKU | L6: LS SHIRT KOMBI WOVEN KUROMI LSSWKU:PASTEL PURPLE:5-6:STRIPES:LS SHIRT | M6: 229900 | N6: 0.8 | O6: =M6-((80*M6)/100) -> 45980 | P6: PERCENTAGE
A7: 2025 HILITE DISC 80 | B7: =B6 -> 46121 | C7: =C6 -> 46127 | D7: 3321 | E7: 337 | F7: 4 | G7: 3 | H7: 81005 | I7: CHARACTER | J7: 52133323 | K7: LSSWKU | L7: LS SHIRT KOMBI WOVEN KUROMI LSSWKU:PASTEL PURPLE:7-8:STRIPES:LS SHIRT | M7: 229900 | N7: 0.8 | O7: =M7-((80*M7)/100) -> 45980 | P7: PERCENTAGE
A8: 2025 HILITE DISC 80 | B8: =B7 -> 46121 | C8: =C7 -> 46127 | D8: 3321 | E8: 337 | F8: 4 | G8: 3 | H8: 81005 | I8: CHARACTER | J8: 52133332 | K8: LSSWKU | L8: LS SHIRT KOMBI WOVEN KUROMI LSSWKU:PASTEL PURPLE:9-10:STRIPES:LS SHIRT | M8: 229900 | N8: 0.8 | O8: =M8-((80*M8)/100) -> 45980 | P8: PERCENTAGE
A9: 2025 HILITE DISC 80 | B9: =B8 -> 46121 | C9: =C8 -> 46127 | D9: 3321 | E9: 337 | F9: 4 | G9: 3 | H9: 81005 | I9: CHARACTER | J9: 52133341 | K9: LSSWKU | L9: LS SHIRT KOMBI WOVEN KUROMI LSSWKU:PASTEL PURPLE:11-12:STRIPES:LS SHIRT | M9: 229900 | N9: 0.8 | O9: =M9-((80*M9)/100) -> 45980 | P9: PERCENTAGE
A10: 2025 HILITE DISC 80 | B10: =B9 -> 46121 | C10: =C9 -> 46127 | D10: 3321 | E10: 337 | F10: 4 | G10: 3 | H10: 81005 | I10: CHARACTER | J10: 52133529 | K10: DL25CN | L10: LS MIDI DRESS MIDI CINNAMOROLL DL25CN:PASTEL BLUE:3-4:STRIPES:LS MIDI DRESS | M10: 299900 | N10: 0.8 | O10: =M10-((80*M10)/100) -> 59980 | P10: PERCENTAGE
A11: 2025 HILITE DISC 80 | B11: =B10 -> 46121 | C11: =C10 -> 46127 | D11: 3321 | E11: 337 | F11: 4 | G11: 3 | H11: 81005 | I11: CHARACTER | J11: 52133538 | K11: DL25CN | L11: LS MIDI DRESS MIDI CINNAMOROLL DL25CN:PASTEL BLUE:4-5:STRIPES:LS MIDI DRESS | M11: 299900 | N11: 0.8 | O11: =M11-((80*M11)/100) -> 59980 | P11: PERCENTAGE
A12: 2025 HILITE DISC 80 | B12: =B11 -> 46121 | C12: =C11 -> 46127 | D12: 3321 | E12: 337 | F12: 4 | G12: 3 | H12: 81005 | I12: CHARACTER | J12: 52133547 | K12: DL25CN | L12: LS MIDI DRESS MIDI CINNAMOROLL DL25CN:PASTEL BLUE:5-6:STRIPES:LS MIDI DRESS | M12: 299900 | N12: 0.8 | O12: =M12-((80*M12)/100) -> 59980 | P12: PERCENTAGE
A13: 2025 HILITE DISC 80 | B13: =B12 -> 46121 | C13: =C12 -> 46127 | D13: 3321 | E13: 337 | F13: 4 | G13: 3 | H13: 81005 | I13: CHARACTER | J13: 52133556 | K13: DL25CN | L13: LS MIDI DRESS MIDI CINNAMOROLL DL25CN:PASTEL BLUE:7-8:STRIPES:LS MIDI DRESS | M13: 299900 | N13: 0.8 | O13: =M13-((80*M13)/100) -> 59980 | P13: PERCENTAGE
A14: 2025 HILITE DISC 80 | B14: =B13 -> 46121 | C14: =C13 -> 46127 | D14: 3321 | E14: 337 | F14: 4 | G14: 3 | H14: 81005 | I14: CHARACTER | J14: 52133565 | K14: DL25CN | L14: LS MIDI DRESS MIDI CINNAMOROLL DL25CN:PASTEL BLUE:9-10:STRIPES:LS MIDI DRESS | M14: 299900 | N14: 0.8 | O14: =M14-((80*M14)/100) -> 59980 | P14: PERCENTAGE
... A29: 2025 HILITE DISC 80 | B29: =B28 -> 46121 | C29: =C28 -> 46127 | D29: 3321 | E29: 337 | F29: 4 | G29: 3 | H29: 81698 | I29: CHARACTER | J29: 52296863 | K29: DL25AKU | L29: LS MIDI DRESS LEB KUROMI DL25AKU:PASTEL PURPLE:11-12:GRAPHIC:LS MIDI DRESS | M29: 339900 | N29: 0.8 | O29: =M29-((80*M29)/100) -> 67980 | P29: PERCENTAGE

Sheet 2024 JAN-DEC D75 - 3321
A1: ACARA | B1: FROM DATE | C1: TO DATE | D1: DEPT | E1: WORLD | F1: DIVISION | G1: CLASS | H1: SUPPLIER | I1: BRAND | J1: SKU | K1: ARTICLE | L1: DESCRIPTION | M1: HARGA NORMAL | N1: DISKON | O1: HARGA PROMO | P1: DISCOUNT TYPE
A2: 2024 JAN-DEC DISC 75 | B2: ='2025 JUNSEPT B1G1 - 3321'!B6 -> 46121 | C2: ='2025 JUNSEPT B1G1 - 3321'!C6 -> 46127 | D2: 3321 | E2: 337 | F2: 4 | G2: 1 | H2: 81421 | I2: CHARACTER | J2: 15928526 | K2: TSPPG44 | L2: SS T-SHIRT PPG KERAH TSPPG44:PASTEL PINK:5-6:GRAPHIC:SS T-SHIRT | M2: 159900 | N2: 0.75 | O2: =M2-((75*M2))/100 -> 39975 | P2: PERCENTAGE
A3: =A2 -> 2024 JAN-DEC DISC 75 | B3: =B2 -> 46121 | C3: =C2 -> 46127 | D3: 3321 | E3: 337 | F3: 4 | G3: 1 | H3: 81421 | I3: CHARACTER | J3: 15928535 | K3: TSPPG44 | L3: SS T-SHIRT PPG KERAH TSPPG44:PASTEL PINK:7-8:GRAPHIC:SS T-SHIRT | M3: 159900 | N3: =N2 -> 0.75 | O3: =M3-((70*M3))/100 -> 47970 | P3: PERCENTAGE
A4: =A3 -> 2024 JAN-DEC DISC 75 | B4: =B3 -> 46121 | C4: =C3 -> 46127 | D4: 3321 | E4: 337 | F4: 4 | G4: 1 | H4: 81421 | I4: CHARACTER | J4: 15928553 | K4: TSPPG44 | L4: SS T-SHIRT PPG KERAH TSPPG44:PASTEL PINK:11-12:GRAPHIC:SS T-SHIRT | M4: 159900 | N4: =N3 -> 0.75 | O4: =M4-((70*M4))/100 -> 47970 | P4: PERCENTAGE
A5: =A4 -> 2024 JAN-DEC DISC 75 | B5: =B4 -> 46121 | C5: =C4 -> 46127 | D5: 3321 | E5: 337 | F5: 4 | G5: 1 | H5: 81421 | I5: CHARACTER | J5: 15928562 | K5: TSPPG41 | L5: SS T-SHIRT PPG OMBRE LENGAN RUFFLE TSPPG41:PASTEL PINK:5-6:GRAPHIC:SS T-SHIRT | M5: 149900 | N5: =N4 -> 0.75 | O5: =M5-((70*M5))/100 -> 44970 | P5: PERCENTAGE
A6: =A5 -> 2024 JAN-DEC DISC 75 | B6: =B5 -> 46121 | C6: =C5 -> 46127 | D6: 3321 | E6: 337 | F6: 4 | G6: 1 | H6: 81421 | I6: CHARACTER | J6: 15928571 | K6: TSPPG41 | L6: SS T-SHIRT PPG OMBRE LENGAN RUFFLE TSPPG41:PASTEL PINK:7-8:GRAPHIC:SS T-SHIRT | M6: 149900 | N6: =N5 -> 0.75 | O6: =M6-((70*M6))/100 -> 44970 | P6: PERCENTAGE
A7: =A6 -> 2024 JAN-DEC DISC 75 | B7: =B6 -> 46121 | C7: =C6 -> 46127 | D7: 3321 | E7: 337 | F7: 4 | G7: 1 | H7: 81421 | I7: CHARACTER | J7: 15928580 | K7: TSPPG41 | L7: SS T-SHIRT PPG OMBRE LENGAN RUFFLE TSPPG41:PASTEL PINK:9-10:GRAPHIC:SS T-SHIRT | M7: 149900 | N7: =N6 -> 0.75 | O7: =M7-((70*M7))/100 -> 44970 | P7: PERCENTAGE
A8: =A7 -> 2024 JAN-DEC DISC 75 | B8: =B7 -> 46121 | C8: =C7 -> 46127 | D8: 3321 | E8: 337 | F8: 4 | G8: 1 | H8: 81421 | I8: CHARACTER | J8: 15928599 | K8: TSPPG41 | L8: SS T-SHIRT PPG OMBRE LENGAN RUFFLE TSPPG41:PASTEL PINK:11-12:GRAPHIC:SS T-SHIRT | M8: 149900 | N8: =N7 -> 0.75 | O8: =M8-((70*M8))/100 -> 44970 | P8: PERCENTAGE
A9: =A8 -> 2024 JAN-DEC DISC 75 | B9: =B8 -> 46121 | C9: =C8 -> 46127 | D9: 3321 | E9: 337 | F9: 4 | G9: 1 | H9: 81421 | I9: CHARACTER | J9: 15928606 | K9: TSPPG42 | L9: SS T-SHIRT PPG LENGAN SERUT TSPPG42:PASTEL BLUE:5-6:GRAPHIC:SS T-SHIRT | M9: 149900 | N9: =N8 -> 0.75 | O9: =M9-((70*M9))/100 -> 44970 | P9: PERCENTAGE
A10: =A9 -> 2024 JAN-DEC DISC 75 | B10: =B9 -> 46121 | C10: =C9 -> 46127 | D10: 3321 | E10: 337 | F10: 4 | G10: 1 | H10: 81421 | I10: CHARACTER | J10: 15928615 | K10: TSPPG42 | L10: SS T-SHIRT PPG LENGAN SERUT TSPPG42:PASTEL BLUE:7-8:GRAPHIC:SS T-SHIRT | M10: 149900 | N10: =N9 -> 0.75 | O10: =M10-((70*M10))/100 -> 44970 | P10: PERCENTAGE
A11: =A10 -> 2024 JAN-DEC DISC 75 | B11: =B10 -> 46121 | C11: =C10 -> 46127 | D11: 3321 | E11: 337 | F11: 4 | G11: 1 | H11: 81421 | I11: CHARACTER | J11: 15928624 | K11: TSPPG42 | L11: SS T-SHIRT PPG LENGAN SERUT TSPPG42:PASTEL BLUE:9-10:GRAPHIC:SS T-SHIRT | M11: 149900 | N11: =N10 -> 0.75 | O11: =M11-((70*M11))/100 -> 44970 | P11: PERCENTAGE
A12: =A11 -> 2024 JAN-DEC DISC 75 | B12: =B11 -> 46121 | C12: =C11 -> 46127 | D12: 3321 | E12: 337 | F12: 4 | G12: 1 | H12: 81421 | I12: CHARACTER | J12: 15928633 | K12: TSPPG42 | L12: SS T-SHIRT PPG LENGAN SERUT TSPPG42:PASTEL BLUE:11-12:GRAPHIC:SS T-SHIRT | M12: 149900 | N12: =N11 -> 0.75 | O12: =M12-((70*M12))/100 -> 44970 | P12: PERCENTAGE
A13: =A12 -> 2024 JAN-DEC DISC 75 | B13: =B12 -> 46121 | C13: =C12 -> 46127 | D13: 3321 | E13: 337 | F13: 4 | G13: 1 | H13: 81421 | I13: CHARACTER | J13: 16130706 | K13: TSHK1 | L13: SS T-SHIRT FP BBTR HELLO KITTY W BAG TSHK1:CLASSIC RED:3-4:PRINT:SS T-SHIRT | M13: 179900 | N13: =N12 -> 0.75 | O13: =M13-((70*M13))/100 -> 53970 | P13: PERCENTAGE
A14: =A13 -> 2024 JAN-DEC DISC 75 | B14: =B13 -> 46121 | C14: =C13 -> 46127 | D14: 3321 | E14: 337 | F14: 4 | G14: 1 | H14: 81421 | I14: CHARACTER | J14: 16130715 | K14: TSHK1 | L14: SS T-SHIRT FP BBTR HELLO KITTY W BAG TSHK1:CLASSIC RED:4-5:PRINT:SS T-SHIRT | M14: 179900 | N14: =N13 -> 0.75 | O14: =M14-((70*M14))/100 -> 53970 | P14: PERCENTAGE
... A512: =A511 -> 2024 JAN-DEC DISC 75 | B512: =B511 -> 46121 | C512: =C511 -> 46127 | D512: 3321 | E512: 337 | F512: 4 | G512: 5 | H512: 81698 | I512: CHARACTER | J512: 26742198 | K512: DSTLMM | L512: SS MIDI DRESS MELODY W 3D FLOWER DSTLMM:PASTEL PINK:4-5:GRAPHIC:SS MIDI DRESS | M512: 319900 | N512: =N511 -> 0.75 | O512: =M512-((70*M512))/100 -> 95970 | P512: PERCENTAGE

Sheet 2023 JUN-DEC D90 - 3321
A1: ACARA | B1: FROM DATE | C1: TO DATE | D1: DEPT | E1: WORLD | F1: DIVISION | G1: CLASS | H1: SUPPLIER | I1: BRAND | J1: SKU | K1: ARTICLE | L1: DESCRIPTION | M1: HARGA NORMAL | N1: DISKON | O1: HARGA PROMO | P1: DISCOUNT TYPE
A2: 2023 JUN-DEC DISC 90 | B2: ='2025 JUNSEPT B1G1 - 3321'!B6 -> 46121 | C2: ='2025 JUNSEPT B1G1 - 3321'!C6 -> 46127 | D2: 3321 | E2: 337 | F2: 4 | G2: 1 | H2: 81421 | I2: CHARACTER | J2: 14608392 | K2: TSPPG4 | L2: SS T-SHIRT PPG GIRLS LENGAN KERUT TSPPG4:PASTEL PURPLE:5-6:GRAPHIC:SS T-SHIRT | M2: 149900 | N2: 0.9 | O2: =M2-((90*M2)/100) -> 14990 | P2: PERCENTAGE
A3: 2023 JUN-DEC DISC 90 | B3: =B2 -> 46121 | C3: =C2 -> 46127 | D3: 3321 | E3: 337 | F3: 4 | G3: 1 | H3: 81421 | I3: CHARACTER | J3: 14608418 | K3: TSPPG4 | L3: SS T-SHIRT PPG GIRLS LENGAN KERUT TSPPG4:PASTEL PURPLE:9-10:GRAPHIC:SS T-SHIRT | M3: 149900 | N3: 0.9 | O3: =M3-((90*M3)/100) -> 14990 | P3: PERCENTAGE
A4: 2023 JUN-DEC DISC 90 | B4: =B3 -> 46121 | C4: =C3 -> 46127 | D4: 3321 | E4: 337 | F4: 4 | G4: 1 | H4: 81421 | I4: CHARACTER | J4: 14608427 | K4: TSPPG4 | L4: SS T-SHIRT PPG GIRLS LENGAN KERUT TSPPG4:PASTEL PURPLE:11-12:GRAPHIC:SS T-SHIRT | M4: 149900 | N4: 0.9 | O4: =M4-((90*M4)/100) -> 14990 | P4: PERCENTAGE
A5: 2023 JUN-DEC DISC 90 | B5: =B4 -> 46121 | C5: =C4 -> 46127 | D5: 3321 | E5: 337 | F5: 4 | G5: 1 | H5: 81421 | I5: CHARACTER | J5: 14608436 | K5: TSPPG5 | L5: SS T-SHIRT PPG 25 CUT AND SEWN TSPPG5:PASTEL PINK:5-6:GRAPHIC:SS T-SHIRT | M5: 149900 | N5: 0.9 | O5: =M5-((90*M5)/100) -> 14990 | P5: PERCENTAGE
A6: 2023 JUN-DEC DISC 90 | B6: =B5 -> 46121 | C6: =C5 -> 46127 | D6: 3321 | E6: 337 | F6: 4 | G6: 1 | H6: 81421 | I6: CHARACTER | J6: 14608445 | K6: TSPPG5 | L6: SS T-SHIRT PPG 25 CUT AND SEWN TSPPG5:PASTEL PINK:7-8:GRAPHIC:SS T-SHIRT | M6: 149900 | N6: 0.9 | O6: =M6-((90*M6)/100) -> 14990 | P6: PERCENTAGE
A7: 2023 JUN-DEC DISC 90 | B7: =B6 -> 46121 | C7: =C6 -> 46127 | D7: 3321 | E7: 337 | F7: 4 | G7: 1 | H7: 81421 | I7: CHARACTER | J7: 14608454 | K7: TSPPG5 | L7: SS T-SHIRT PPG 25 CUT AND SEWN TSPPG5:PASTEL PINK:9-10:GRAPHIC:SS T-SHIRT | M7: 149900 | N7: 0.9 | O7: =M7-((90*M7)/100) -> 14990 | P7: PERCENTAGE
A8: 2023 JUN-DEC DISC 90 | B8: =B7 -> 46121 | C8: =C7 -> 46127 | D8: 3321 | E8: 337 | F8: 4 | G8: 1 | H8: 81462 | I8: CHARACTER | J8: 14292278 | K8: TSPPG1 | L8: SS T-SHIRT PPG FP SERUT TSPPG1:PASTEL PINK:5-6:PRINT:SS T-SHIRT | M8: 149900 | N8: 0.9 | O8: =M8-((90*M8)/100) -> 14990 | P8: PERCENTAGE
A9: 2023 JUN-DEC DISC 90 | B9: =B8 -> 46121 | C9: =C8 -> 46127 | D9: 3321 | E9: 337 | F9: 4 | G9: 1 | H9: 81462 | I9: CHARACTER | J9: 14292287 | K9: TSPPG1 | L9: SS T-SHIRT PPG FP SERUT TSPPG1:PASTEL PINK:7-8:PRINT:SS T-SHIRT | M9: 149900 | N9: 0.9 | O9: =M9-((90*M9)/100) -> 14990 | P9: PERCENTAGE
A10: 2023 JUN-DEC DISC 90 | B10: =B9 -> 46121 | C10: =C9 -> 46127 | D10: 3321 | E10: 337 | F10: 4 | G10: 1 | H10: 81462 | I10: CHARACTER | J10: 14292303 | K10: TSPPG1 | L10: SS T-SHIRT PPG FP SERUT TSPPG1:PASTEL PINK:11-12:PRINT:SS T-SHIRT | M10: 149900 | N10: 0.9 | O10: =M10-((90*M10)/100) -> 14990 | P10: PERCENTAGE
A11: 2023 JUN-DEC DISC 90 | B11: =B10 -> 46121 | C11: =C10 -> 46127 | D11: 3321 | E11: 337 | F11: 4 | G11: 1 | H11: 81462 | I11: CHARACTER | J11: 14292312 | K11: TSPPG2 | L11: SS T-SHIRT PPG GRL PWR RUFFLE LENGAN TSPPG2:OFF WHITE:5-6:PRINT:SS T-SHIRT | M11: 149900 | N11: 0.9 | O11: =M11-((90*M11)/100) -> 14990 | P11: PERCENTAGE
A12: 2023 JUN-DEC DISC 90 | B12: =B11 -> 46121 | C12: =C11 -> 46127 | D12: 3321 | E12: 337 | F12: 4 | G12: 1 | H12: 81462 | I12: CHARACTER | J12: 14292349 | K12: TSPPG2 | L12: SS T-SHIRT PPG GRL PWR RUFFLE LENGAN TSPPG2:OFF WHITE:11-12:PRINT:SS T-SHIRT | M12: 149900 | N12: 0.9 | O12: =M12-((90*M12)/100) -> 14990 | P12: PERCENTAGE
A13: 2023 JUN-DEC DISC 90 | B13: =B12 -> 46121 | C13: =C12 -> 46127 | D13: 3321 | E13: 337 | F13: 4 | G13: 1 | H13: 81462 | I13: CHARACTER | J13: 14927225 | K13: TSPPG3 | L13: SS T-SHIRT PPG GIRLS POWER RUFFLE BTM TSPPG3:PASTEL ORANGE:5-6:GRAPHIC:SS T-SHIRT | M13: 149900 | N13: 0.9 | O13: =M13-((90*M13)/100) -> 14990 | P13: PERCENTAGE
A14: 2023 JUN-DEC DISC 90 | B14: =B13 -> 46121 | C14: =C13 -> 46127 | D14: 3321 | E14: 337 | F14: 4 | G14: 1 | H14: 81462 | I14: CHARACTER | J14: 14927243 | K14: TSPPG3 | L14: SS T-SHIRT PPG GIRLS POWER RUFFLE BTM TSPPG3:PASTEL ORANGE:9-10:GRAPHIC:SS T-SHIRT | M14: 149900 | N14: 0.9 | O14: =M14-((90*M14)/100) -> 14990 | P14: PERCENTAGE
... A73: 2023 JUN-DEC DISC 90 | B73: =B72 -> 46121 | C73: =C72 -> 46127 | D73: 3321 | E73: 337 | F73: 4 | G73: 5 | H73: 81800 | I73: CHARACTER | J73: 82958850 | K73: DSBARB | L73: SS MIDI DRESS BARBIE DSBARB:PASTEL PINK:9-10:GRAPHIC:SS MIDI DRESS | M73: 219900 | N73: 0.9 | O73: =M73-((90*M73)/100) -> 21990 | P73: PERCENTAGE

Sheet 2026 JAN-APR SHARP PRICE - 3281
A1: ACARA | B1: FROM DATE | C1: TO DATE | D1: DEPT | E1: WORLD | F1: DIVISION | G1: CLASS | H1: SUPPLIER | I1: BRAND | J1: SKU | K1: ARTICLE | L1: DESCRIPTION | M1: HARGA NORMAL | N1: DISKON | O1: HARGA PROMO | P1: DISCOUNT TYPE
A2: 2026 JAN-APR SHARP PRICE | B2: ='2025 JUNSEPT B1G1 - 3321'!B8 -> 46121 | C2: ='2025 JUNSEPT B1G1 - 3321'!C8 -> 46127 | D2: 3281 | E2: 337 | F2: 4 | G2: 4 | H2: 81847 | I2: DISNEY | J2: 68791280 | K2: SSOVPOO | L2: SS SHIRT WOVEN OVERAL POOH SSOVPOO:MUSTARD:4:GRAPHIC:SS SHIRT | M2: 149900 | N2: 0 | O2: SHARP PRICE | P2: AMOUNT
A3: =A2 -> 2026 JAN-APR SHARP PRICE | B3: =B2 -> 46121 | C3: =C2 -> 46127 | D3: 3281 | E3: 337 | F3: 4 | G3: 4 | H3: 81847 | I3: DISNEY | J3: 68791299 | K3: SSOVPOO | L3: SS SHIRT WOVEN OVERAL POOH SSOVPOO:MUSTARD:5:GRAPHIC:SS SHIRT | M3: 149900 | N3: =N2 -> 0 | O3: =O2 -> SHARP PRICE | P3: =P2 -> AMOUNT
A4: =A3 -> 2026 JAN-APR SHARP PRICE | B4: =B3 -> 46121 | C4: =C3 -> 46127 | D4: 3281 | E4: 337 | F4: 4 | G4: 4 | H4: 81847 | I4: DISNEY | J4: 68791306 | K4: SSOVPOO | L4: SS SHIRT WOVEN OVERAL POOH SSOVPOO:MUSTARD:6:GRAPHIC:SS SHIRT | M4: 149900 | N4: =N3 -> 0 | O4: =O3 -> SHARP PRICE | P4: =P3 -> AMOUNT
A5: =A4 -> 2026 JAN-APR SHARP PRICE | B5: =B4 -> 46121 | C5: =C4 -> 46127 | D5: 3281 | E5: 337 | F5: 4 | G5: 4 | H5: 81847 | I5: DISNEY | J5: 68791315 | K5: SSOVPOO | L5: SS SHIRT WOVEN OVERAL POOH SSOVPOO:MUSTARD:7-8:GRAPHIC:SS SHIRT | M5: 149900 | N5: =N4 -> 0 | O5: =O4 -> SHARP PRICE | P5: =P4 -> AMOUNT
A6: =A5 -> 2026 JAN-APR SHARP PRICE | B6: =B5 -> 46121 | C6: =C5 -> 46127 | D6: 3281 | E6: 337 | F6: 4 | G6: 2 | H6: 81588 | I6: DISNEY | J6: 68791324 | K6: SSOVPOO | L6: SS SHIRT WOVEN OVERAL POOH SSOVPOO:MUSTARD:9-10:GRAPHIC:SS SHIRT | M6: 149900 | N6: =N5 -> 0 | O6: =O5 -> SHARP PRICE | P6: =P5 -> AMOUNT
A7: =A6 -> 2026 JAN-APR SHARP PRICE | B7: =B6 -> 46121 | C7: =C6 -> 46127 | D7: 3281 | E7: 337 | F7: 4 | G7: 2 | H7: 81588 | I7: DISNEY | J7: 68791333 | K7: SSOVPOO | L7: SS SHIRT WOVEN OVERAL POOH SSOVPOO:MUSTARD:11-12:GRAPHIC:SS SHIRT | M7: 149900 | N7: =N6 -> 0 | O7: =O6 -> SHARP PRICE | P7: =P6 -> AMOUNT
A8: =A7 -> 2026 JAN-APR SHARP PRICE | B8: =B7 -> 46121 | C8: =C7 -> 46127 | D8: 3281 | E8: 337 | F8: 4 | G8: 2 | H8: 81588 | I8: DISNEY | J8: 68791342 | K8: SSOVPOO | L8: SS SHIRT WOVEN OVERAL POOH SSOVPOO:MUSTARD:13-14:GRAPHIC:SS SHIRT | M8: 149900 | N8: =N7 -> 0 | O8: =O7 -> SHARP PRICE | P8: =P7 -> AMOUNT
A9: =A8 -> 2026 JAN-APR SHARP PRICE | B9: =B8 -> 46121 | C9: =C8 -> 46127 | D9: 3281 | E9: 337 | F9: 4 | G9: 2 | H9: 81588 | I9: DISNEY | J9: 68791351 | K9: SSPITPOO | L9: SS SHIRT WOVEN PITA POOH SSPITPOO:OFF WHITE:4:GRAPHIC:SS SHIRT | M9: 149900 | N9: =N8 -> 0 | O9: =O8 -> SHARP PRICE | P9: =P8 -> AMOUNT
A10: =A9 -> 2026 JAN-APR SHARP PRICE | B10: =B9 -> 46121 | C10: =C9 -> 46127 | D10: 3281 | E10: 337 | F10: 4 | G10: 2 | H10: 81588 | I10: DISNEY | J10: 68791360 | K10: SSPITPOO | L10: SS SHIRT WOVEN PITA POOH SSPITPOO:OFF WHITE:5:GRAPHIC:SS SHIRT | M10: 149900 | N10: =N9 -> 0 | O10: =O9 -> SHARP PRICE | P10: =P9 -> AMOUNT
A11: =A10 -> 2026 JAN-APR SHARP PRICE | B11: =B10 -> 46121 | C11: =C10 -> 46127 | D11: 3281 | E11: 337 | F11: 4 | G11: 2 | H11: 81588 | I11: DISNEY | J11: 68791379 | K11: SSPITPOO | L11: SS SHIRT WOVEN PITA POOH SSPITPOO:OFF WHITE:6:GRAPHIC:SS SHIRT | M11: 149900 | N11: =N10 -> 0 | O11: =O10 -> SHARP PRICE | P11: =P10 -> AMOUNT
A12: =A11 -> 2026 JAN-APR SHARP PRICE | B12: =B11 -> 46121 | C12: =C11 -> 46127 | D12: 3281 | E12: 337 | F12: 4 | G12: 2 | H12: 81588 | I12: DISNEY | J12: 68791388 | K12: SSPITPOO | L12: SS SHIRT WOVEN PITA POOH SSPITPOO:OFF WHITE:7-8:GRAPHIC:SS SHIRT | M12: 149900 | N12: =N11 -> 0 | O12: =O11 -> SHARP PRICE | P12: =P11 -> AMOUNT
A13: =A12 -> 2026 JAN-APR SHARP PRICE | B13: =B12 -> 46121 | C13: =C12 -> 46127 | D13: 3281 | E13: 337 | F13: 4 | G13: 2 | H13: 81588 | I13: DISNEY | J13: 68791397 | K13: SSPITPOO | L13: SS SHIRT WOVEN PITA POOH SSPITPOO:OFF WHITE:9-10:GRAPHIC:SS SHIRT | M13: 149900 | N13: =N12 -> 0 | O13: =O12 -> SHARP PRICE | P13: =P12 -> AMOUNT
A14: =A13 -> 2026 JAN-APR SHARP PRICE | B14: =B13 -> 46121 | C14: =C13 -> 46127 | D14: 3281 | E14: 337 | F14: 4 | G14: 2 | H14: 81588 | I14: DISNEY | J14: 68791404 | K14: SSPITPOO | L14: SS SHIRT WOVEN PITA POOH SSPITPOO:OFF WHITE:11-12:GRAPHIC:SS SHIRT | M14: 149900 | N14: =N13 -> 0 | O14: =O13 -> SHARP PRICE | P14: =P13 -> AMOUNT
... A66: =A65 -> 2026 JAN-APR SHARP PRICE | B66: =B65 -> 46121 | C66: =C65 -> 46127 | D66: 3281 | E66: 337 | F66: 4 | G66: 1 | H66: 81588 | I66: DISNEY | J66: 63154807 | K66: TS4PRN2 | L66: SS T-SHIRT PRINCESS PEPLUM TS4PRN2:PASTEL PINK:7-8:GRAPHIC:SS T-SHIRT | M66: 99900 | N66: =N65 -> 0 | O66: =O65 -> SHARP PRICE | P66: =P65 -> AMOUNT

Sheet 2026 BAMUS D60 - 3281
A1: ACARA | B1: FROM DATE | C1: TO DATE | D1: DEPT | E1: WORLD | F1: DIVISION | G1: CLASS | H1: SUPPLIER | I1: BRAND | J1: SKU | K1: ARTICLE | L1: DESCRIPTION | M1: HARGA NORMAL | N1: DISKON | O1: HARGA PROMO | P1: DISCOUNT TYPE
A2: 2026 BAMUS DISC 60% | B2: ='2025 JUNSEPT B1G1 - 3321'!B6 -> 46121 | C2: ='2025 JUNSEPT B1G1 - 3321'!C6 -> 46127 | D2: 3281 | E2: 337 | F2: 4 | G2: 2 | H2: 81506 | I2: DISNEY | J2: 67948907 | K2: SSL26PR3 | L2: SS SHIRT TOP WOVEN PRINCESS SSL26PR3:DUSTY PINK:4:GRAPHIC:SS SHIRT | M2: 179900 | N2: 0.6 | O2: =M2-((60*M2)/100) -> 71960 | P2: PERCENTAGE
A3: =A2 -> 2026 BAMUS DISC 60% | B3: =B2 -> 46121 | C3: =C2 -> 46127 | D3: 3281 | E3: 337 | F3: 4 | G3: 2 | H3: 81506 | I3: DISNEY | J3: 67948916 | K3: SSL26PR3 | L3: SS SHIRT TOP WOVEN PRINCESS SSL26PR3:DUSTY PINK:5:GRAPHIC:SS SHIRT | M3: 179900 | N3: =N2 -> 0.6 | O3: =O2 -> 71960 | P3: =P2 -> PERCENTAGE
A4: =A3 -> 2026 BAMUS DISC 60% | B4: =B3 -> 46121 | C4: =C3 -> 46127 | D4: 3281 | E4: 337 | F4: 4 | G4: 2 | H4: 81506 | I4: DISNEY | J4: 67948925 | K4: SSL26PR3 | L4: SS SHIRT TOP WOVEN PRINCESS SSL26PR3:DUSTY PINK:6:GRAPHIC:SS SHIRT | M4: 179900 | N4: =N3 -> 0.6 | O4: =O3 -> 71960 | P4: =P3 -> PERCENTAGE
A5: =A4 -> 2026 BAMUS DISC 60% | B5: =B4 -> 46121 | C5: =C4 -> 46127 | D5: 3281 | E5: 337 | F5: 4 | G5: 2 | H5: 81506 | I5: DISNEY | J5: 67948934 | K5: SSL26PR3 | L5: SS SHIRT TOP WOVEN PRINCESS SSL26PR3:DUSTY PINK:7-8:GRAPHIC:SS SHIRT | M5: 179900 | N5: =N4 -> 0.6 | O5: =O4 -> 71960 | P5: =P4 -> PERCENTAGE
A6: =A5 -> 2026 BAMUS DISC 60% | B6: =B5 -> 46121 | C6: =C5 -> 46127 | D6: 3281 | E6: 337 | F6: 4 | G6: 2 | H6: 81506 | I6: DISNEY | J6: 67948943 | K6: SSL26PR3 | L6: SS SHIRT TOP WOVEN PRINCESS SSL26PR3:DUSTY PINK:9-10:GRAPHIC:SS SHIRT | M6: 179900 | N6: =N5 -> 0.6 | O6: =O5 -> 71960 | P6: =P5 -> PERCENTAGE
A7: =A6 -> 2026 BAMUS DISC 60% | B7: =B6 -> 46121 | C7: =C6 -> 46127 | D7: 3281 | E7: 337 | F7: 4 | G7: 2 | H7: 81506 | I7: DISNEY | J7: 67948952 | K7: SSL26PR3 | L7: SS SHIRT TOP WOVEN PRINCESS SSL26PR3:DUSTY PINK:11-12:GRAPHIC:SS SHIRT | M7: 179900 | N7: =N6 -> 0.6 | O7: =M7-((60*M7)/100) -> 71960 | P7: =P6 -> PERCENTAGE
A8: =A7 -> 2026 BAMUS DISC 60% | B8: =B7 -> 46121 | C8: =C7 -> 46127 | D8: 3281 | E8: 337 | F8: 4 | G8: 2 | H8: 81506 | I8: DISNEY | J8: 67948961 | K8: SSL26PR3 | L8: SS SHIRT TOP WOVEN PRINCESS SSL26PR3:DUSTY PINK:13-14:GRAPHIC:SS SHIRT | M8: 179900 | N8: =N7 -> 0.6 | O8: =M8-((60*M8)/100) -> 71960 | P8: =P7 -> PERCENTAGE
A9: =A8 -> 2026 BAMUS DISC 60% | B9: =B8 -> 46121 | C9: =C8 -> 46127 | D9: 3281 | E9: 337 | F9: 4 | G9: 2 | H9: 81506 | I9: DISNEY | J9: 68843161 | K9: LS34PRN | L9: 3/4 SHIRT PRINCESS WOVEN LS34PRN:KHAKI:4:GRAPHIC:3/4 SHIRT | M9: 199900 | N9: =N8 -> 0.6 | O9: =M9-((60*M9)/100) -> 79960 | P9: =P8 -> PERCENTAGE
A10: =A9 -> 2026 BAMUS DISC 60% | B10: =B9 -> 46121 | C10: =C9 -> 46127 | D10: 3281 | E10: 337 | F10: 4 | G10: 2 | H10: 81506 | I10: DISNEY | J10: 68843170 | K10: LS34PRN | L10: 3/4 SHIRT PRINCESS WOVEN LS34PRN:KHAKI:5:GRAPHIC:3/4 SHIRT | M10: 199900 | N10: =N9 -> 0.6 | O10: =M10-((60*M10)/100) -> 79960 | P10: =P9 -> PERCENTAGE
A11: =A10 -> 2026 BAMUS DISC 60% | B11: =B10 -> 46121 | C11: =C10 -> 46127 | D11: 3281 | E11: 337 | F11: 4 | G11: 2 | H11: 81506 | I11: DISNEY | J11: 68843189 | K11: LS34PRN | L11: 3/4 SHIRT PRINCESS WOVEN LS34PRN:KHAKI:6:GRAPHIC:3/4 SHIRT | M11: 199900 | N11: =N10 -> 0.6 | O11: =M11-((60*M11)/100) -> 79960 | P11: =P10 -> PERCENTAGE
A12: =A11 -> 2026 BAMUS DISC 60% | B12: =B11 -> 46121 | C12: =C11 -> 46127 | D12: 3281 | E12: 337 | F12: 4 | G12: 2 | H12: 81506 | I12: DISNEY | J12: 68843198 | K12: LS34PRN | L12: 3/4 SHIRT PRINCESS WOVEN LS34PRN:KHAKI:7-8:GRAPHIC:3/4 SHIRT | M12: 199900 | N12: =N11 -> 0.6 | O12: =M12-((60*M12)/100) -> 79960 | P12: =P11 -> PERCENTAGE
A13: =A12 -> 2026 BAMUS DISC 60% | B13: =B12 -> 46121 | C13: =C12 -> 46127 | D13: 3281 | E13: 337 | F13: 4 | G13: 2 | H13: 81506 | I13: DISNEY | J13: 68843205 | K13: LS34PRN | L13: 3/4 SHIRT PRINCESS WOVEN LS34PRN:KHAKI:9-10:GRAPHIC:3/4 SHIRT | M13: 199900 | N13: =N12 -> 0.6 | O13: =M13-((60*M13)/100) -> 79960 | P13: =P12 -> PERCENTAGE
A14: =A13 -> 2026 BAMUS DISC 60% | B14: =B13 -> 46121 | C14: =C13 -> 46127 | D14: 3281 | E14: 337 | F14: 4 | G14: 2 | H14: 81506 | I14: DISNEY | J14: 68843214 | K14: LS34PRN | L14: 3/4 SHIRT PRINCESS WOVEN LS34PRN:KHAKI:11-12:GRAPHIC:3/4 SHIRT | M14: 199900 | N14: =N13 -> 0.6 | O14: =M14-((60*M14)/100) -> 79960 | P14: =P13 -> PERCENTAGE
A15: =A14 -> 2026 BAMUS DISC 60% | B15: =B14 -> 46121 | C15: =C14 -> 46127 | D15: 3281 | E15: 337 | F15: 4 | G15: 2 | H15: 81506 | I15: DISNEY | J15: 68843223 | K15: LS34PRN | L15: 3/4 SHIRT PRINCESS WOVEN LS34PRN:KHAKI:13-14:GRAPHIC:3/4 SHIRT | M15: 199900 | N15: =N14 -> 0.6 | O15: =M15-((60*M15)/100) -> 79960 | P15: =P14 -> PERCENTAGE
A16: =A15 -> 2026 BAMUS DISC 60% | B16: =B15 -> 46121 | C16: =C15 -> 46127 | D16: 3281 | E16: 337 | F16: 4 | G16: 4 | H16: 81847 | I16: DISNEY | J16: 67949040 | K16: LPWPRN | L16: LONG PANTS WOVEN PRINCESS LPWPRN:DUSTY PINK:4:GRAPHIC:LONG PANTS | M16: 179900 | N16: =N15 -> 0.6 | O16: =M16-((60*M16)/100) -> 71960 | P16: =P15 -> PERCENTAGE
A17: =A16 -> 2026 BAMUS DISC 60% | B17: =B16 -> 46121 | C17: =C16 -> 46127 | D17: 3281 | E17: 337 | F17: 4 | G17: 4 | H17: 81847 | I17: DISNEY | J17: 67949059 | K17: LPWPRN | L17: LONG PANTS WOVEN PRINCESS LPWPRN:DUSTY PINK:5:GRAPHIC:LONG PANTS | M17: 179900 | N17: =N16 -> 0.6 | O17: =M17-((60*M17)/100) -> 71960 | P17: =P16 -> PERCENTAGE
A18: =A17 -> 2026 BAMUS DISC 60% | B18: =B17 -> 46121 | C18: =C17 -> 46127 | D18: 3281 | E18: 337 | F18: 4 | G18: 4 | H18: 81847 | I18: DISNEY | J18: 67949068 | K18: LPWPRN | L18: LONG PANTS WOVEN PRINCESS LPWPRN:DUSTY PINK:6:GRAPHIC:LONG PANTS | M18: 179900 | N18: =N17 -> 0.6 | O18: =M18-((60*M18)/100) -> 71960 | P18: =P17 -> PERCENTAGE
... A48: =A47 -> 2026 BAMUS DISC 60% | B48: =B47 -> 46121 | C48: =C47 -> 46127 | D48: 3281 | E48: 337 | F48: 4 | G48: 1 | H48: 81847 | I48: DISNEY | J48: 67948827 | K48: DSWVPRN | L48: SS MIDI DRESS WOVEN PRINCESS DSWVPRN:DUSTY PINK:13-14:GRAPHIC:SS MIDI DRESS | M48: 299900 | N48: =N47 -> 0.6 | O48: =M48-((60*M48)/100) -> 119960 | P48: =P47 -> PERCENTAGE

Sheet 2026 HILITE D30 -3281
A1: ACARA | B1: FROM DATE | C1: TO DATE | D1: DEPT | E1: WORLD | F1: DIVISION | G1: CLASS | H1: SUPPLIER | I1: BRAND | J1: SKU | K1: ARTICLE | L1: DESCRIPTION | M1: HARGA NORMAL | N1: DISKON | O1: HARGA PROMO | P1: DISCOUNT TYPE
A2: 2026 HILITE DISC 30 | B2: ='2025 HILITE D80 - 3321'!B9 -> 46121 | C2: ='2025 HILITE D80 - 3321'!C9 -> 46127 | D2: 3281 | E2: 337 | F2: 4 | G2: 2 | H2: 81847 | I2: DISNEY | J2: 68397402 | K2: SS26PRN | L2: SS T-SHIRT TOP WOVEN PRINCESS SS26PRN:PASTEL PINK:4:GRAPHIC:SS T-SHIRT | M2: 149900 | N2: 0.3 | O2: =M2-((30*M2)/100) -> 104930 | P2: PERCENTAGE
A3: =A2 -> 2026 HILITE DISC 30 | B3: =B2 -> 46121 | C3: =C2 -> 46127 | D3: 3281 | E3: 337 | F3: 4 | G3: 2 | H3: 81847 | I3: DISNEY | J3: 68397411 | K3: SS26PRN | L3: SS T-SHIRT TOP WOVEN PRINCESS SS26PRN:PASTEL PINK:5:GRAPHIC:SS T-SHIRT | M3: 149900 | N3: =N2 -> 0.3 | O3: =M3-((30*M3)/100) -> 104930 | P3: =P2 -> PERCENTAGE
A4: =A3 -> 2026 HILITE DISC 30 | B4: =B3 -> 46121 | C4: =C3 -> 46127 | D4: 3281 | E4: 337 | F4: 4 | G4: 2 | H4: 81847 | I4: DISNEY | J4: 68397420 | K4: SS26PRN | L4: SS T-SHIRT TOP WOVEN PRINCESS SS26PRN:PASTEL PINK:6:GRAPHIC:SS T-SHIRT | M4: 149900 | N4: =N3 -> 0.3 | O4: =M4-((30*M4)/100) -> 104930 | P4: =P3 -> PERCENTAGE
A5: =A4 -> 2026 HILITE DISC 30 | B5: =B4 -> 46121 | C5: =C4 -> 46127 | D5: 3281 | E5: 337 | F5: 4 | G5: 2 | H5: 81847 | I5: DISNEY | J5: 68397439 | K5: SS26PRN | L5: SS T-SHIRT TOP WOVEN PRINCESS SS26PRN:PASTEL PINK:7-8:GRAPHIC:SS T-SHIRT | M5: 149900 | N5: =N4 -> 0.3 | O5: =M5-((30*M5)/100) -> 104930 | P5: =P4 -> PERCENTAGE
A6: =A5 -> 2026 HILITE DISC 30 | B6: =B5 -> 46121 | C6: =C5 -> 46127 | D6: 3281 | E6: 337 | F6: 4 | G6: 2 | H6: 81847 | I6: DISNEY | J6: 68397448 | K6: SS26PRN | L6: SS T-SHIRT TOP WOVEN PRINCESS SS26PRN:PASTEL PINK:9-10:GRAPHIC:SS T-SHIRT | M6: 149900 | N6: =N5 -> 0.3 | O6: =M6-((30*M6)/100) -> 104930 | P6: =P5 -> PERCENTAGE
A7: =A6 -> 2026 HILITE DISC 30 | B7: =B6 -> 46121 | C7: =C6 -> 46127 | D7: 3281 | E7: 337 | F7: 4 | G7: 2 | H7: 81847 | I7: DISNEY | J7: 68397457 | K7: SS26PRN | L7: SS T-SHIRT TOP WOVEN PRINCESS SS26PRN:PASTEL PINK:11-12:GRAPHIC:SS T-SHIRT | M7: 149900 | N7: =N6 -> 0.3 | O7: =M7-((30*M7)/100) -> 104930 | P7: =P6 -> PERCENTAGE
A8: =A7 -> 2026 HILITE DISC 30 | B8: =B7 -> 46121 | C8: =C7 -> 46127 | D8: 3281 | E8: 337 | F8: 4 | G8: 2 | H8: 81847 | I8: DISNEY | J8: 68397466 | K8: SS26PRN | L8: SS T-SHIRT TOP WOVEN PRINCESS SS26PRN:PASTEL PINK:13-14:GRAPHIC:SS T-SHIRT | M8: 149900 | N8: =N7 -> 0.3 | O8: =M8-((30*M8)/100) -> 104930 | P8: =P7 -> PERCENTAGE
A9: =A8 -> 2026 HILITE DISC 30 | B9: =B8 -> 46121 | C9: =C8 -> 46127 | D9: 3281 | E9: 337 | F9: 4 | G9: 5 | H9: 81679 | I9: DISNEY | J9: 69979531 | K9: DSFPPRN | L9: SS MIDI DRESS TULIP FP WOVEN PRINCESS DSFPPRN:DUSTY PINK:4:PRINT:SS MIDI DRESS | M9: 199900 | N9: 0.3 | O9: =M9-((30*M9)/100) -> 139930 | P9: PERCENTAGE
A10: =A9 -> 2026 HILITE DISC 30 | B10: =B9 -> 46121 | C10: =C9 -> 46127 | D10: 3281 | E10: 337 | F10: 4 | G10: 5 | H10: 81679 | I10: DISNEY | J10: 69979540 | K10: DSFPPRN | L10: SS MIDI DRESS TULIP FP WOVEN PRINCESS DSFPPRN:DUSTY PINK:5:PRINT:SS MIDI DRESS | M10: 199900 | N10: =N9 -> 0.3 | O10: =M10-((30*M10)/100) -> 139930 | P10: =P9 -> PERCENTAGE
A11: =A10 -> 2026 HILITE DISC 30 | B11: =B10 -> 46121 | C11: =C10 -> 46127 | D11: 3281 | E11: 337 | F11: 4 | G11: 5 | H11: 81679 | I11: DISNEY | J11: 69979559 | K11: DSFPPRN | L11: SS MIDI DRESS TULIP FP WOVEN PRINCESS DSFPPRN:DUSTY PINK:6:PRINT:SS MIDI DRESS | M11: 199900 | N11: =N10 -> 0.3 | O11: =M11-((30*M11)/100) -> 139930 | P11: =P10 -> PERCENTAGE
A12: =A11 -> 2026 HILITE DISC 30 | B12: =B11 -> 46121 | C12: =C11 -> 46127 | D12: 3281 | E12: 337 | F12: 4 | G12: 5 | H12: 81679 | I12: DISNEY | J12: 69979568 | K12: DSFPPRN | L12: SS MIDI DRESS TULIP FP WOVEN PRINCESS DSFPPRN:DUSTY PINK:7-8:PRINT:SS MIDI DRESS | M12: 199900 | N12: =N11 -> 0.3 | O12: =M12-((30*M12)/100) -> 139930 | P12: =P11 -> PERCENTAGE
A13: =A12 -> 2026 HILITE DISC 30 | B13: =B12 -> 46121 | C13: =C12 -> 46127 | D13: 3281 | E13: 337 | F13: 4 | G13: 5 | H13: 81679 | I13: DISNEY | J13: 69979577 | K13: DSFPPRN | L13: SS MIDI DRESS TULIP FP WOVEN PRINCESS DSFPPRN:DUSTY PINK:9-10:PRINT:SS MIDI DRESS | M13: 199900 | N13: =N12 -> 0.3 | O13: =M13-((30*M13)/100) -> 139930 | P13: =P12 -> PERCENTAGE
A14: =A13 -> 2026 HILITE DISC 30 | B14: =B13 -> 46121 | C14: =C13 -> 46127 | D14: 3281 | E14: 337 | F14: 4 | G14: 5 | H14: 81679 | I14: DISNEY | J14: 69979586 | K14: DSFPPRN | L14: SS MIDI DRESS TULIP FP WOVEN PRINCESS DSFPPRN:DUSTY PINK:11-12:PRINT:SS MIDI DRESS | M14: 199900 | N14: =N13 -> 0.3 | O14: =M14-((30*M14)/100) -> 139930 | P14: =P13 -> PERCENTAGE
A15: =A14 -> 2026 HILITE DISC 30 | B15: =B14 -> 46121 | C15: =C14 -> 46127 | D15: 3281 | E15: 337 | F15: 4 | G15: 5 | H15: 81679 | I15: DISNEY | J15: 69979595 | K15: DSFPPRN | L15: SS MIDI DRESS TULIP FP WOVEN PRINCESS DSFPPRN:DUSTY PINK:13-14:PRINT:SS MIDI DRESS | M15: 199900 | N15: =N14 -> 0.3 | O15: =M15-((30*M15)/100) -> 139930 | P15: =P14 -> PERCENTAGE

Sheet 2025 DEC D30 -3281
A1: ACARA | B1: FROM DATE | C1: TO DATE | D1: DEPT | E1: WORLD | F1: DIVISION | G1: CLASS | H1: SUPPLIER | I1: BRAND | J1: SKU | K1: ARTICLE | L1: DESCRIPTION | M1: HARGA NORMAL | N1: DISKON | O1: HARGA PROMO | P1: DISCOUNT TYPE
A2: 2025 DEC DISC 30 | B2: ='2025 HILITE D80 - 3321'!B7 -> 46121 | C2: ='2025 HILITE D80 - 3321'!C7 -> 46127 | D2: 3281 | E2: 337 | F2: 4 | G2: 1 | H2: 81588 | I2: DISNEY | J2: 63154736 | K2: TS4PRN1 | L2: SS T-SHIRT PRINCESS 2 PRINT TS4PRN1:WHITE:4:GRAPHIC:SS T-SHIRT | M2: 99900 | N2: 0.3 | O2: =M2-((30*M2)/100) -> 69930 | P2: PERCENTAGE
A3: =A2 -> 2025 DEC DISC 30 | B3: =B2 -> 46121 | C3: =C2 -> 46127 | D3: 3281 | E3: 337 | F3: 4 | G3: 1 | H3: 81588 | I3: DISNEY | J3: 63154745 | K3: TS4PRN1 | L3: SS T-SHIRT PRINCESS 2 PRINT TS4PRN1:WHITE:5:GRAPHIC:SS T-SHIRT | M3: 99900 | N3: 0.3 | O3: =M3-((30*M3)/100) -> 69930 | P3: PERCENTAGE
A4: =A3 -> 2025 DEC DISC 30 | B4: =B3 -> 46121 | C4: =C3 -> 46127 | D4: 3281 | E4: 337 | F4: 4 | G4: 1 | H4: 81588 | I4: DISNEY | J4: 63154754 | K4: TS4PRN1 | L4: SS T-SHIRT PRINCESS 2 PRINT TS4PRN1:WHITE:6:GRAPHIC:SS T-SHIRT | M4: 99900 | N4: 0.3 | O4: =M4-((30*M4)/100) -> 69930 | P4: PERCENTAGE
A5: =A4 -> 2025 DEC DISC 30 | B5: =B4 -> 46121 | C5: =C4 -> 46127 | D5: 3281 | E5: 337 | F5: 4 | G5: 1 | H5: 81588 | I5: DISNEY | J5: 63154763 | K5: TS4PRN1 | L5: SS T-SHIRT PRINCESS 2 PRINT TS4PRN1:WHITE:7-8:GRAPHIC:SS T-SHIRT | M5: 99900 | N5: 0.3 | O5: =M5-((30*M5)/100) -> 69930 | P5: PERCENTAGE
A6: =A5 -> 2025 DEC DISC 30 | B6: =B5 -> 46121 | C6: =C5 -> 46127 | D6: 3281 | E6: 337 | F6: 4 | G6: 1 | H6: 81588 | I6: DISNEY | J6: 63154816 | K6: TS4PRN3 | L6: SS T-SHIRT PRINCESS PITA SAMPING TS4PRN3:PASTEL PINK:4:GRAPHIC:SS T-SHIRT | M6: 99900 | N6: 0.3 | O6: =M6-((30*M6)/100) -> 69930 | P6: PERCENTAGE
A7: =A6 -> 2025 DEC DISC 30 | B7: =B6 -> 46121 | C7: =C6 -> 46127 | D7: 3281 | E7: 337 | F7: 4 | G7: 1 | H7: 81588 | I7: DISNEY | J7: 63154825 | K7: TS4PRN3 | L7: SS T-SHIRT PRINCESS PITA SAMPING TS4PRN3:PASTEL PINK:5:GRAPHIC:SS T-SHIRT | M7: 99900 | N7: 0.3 | O7: =M7-((30*M7)/100) -> 69930 | P7: PERCENTAGE
A8: =A7 -> 2025 DEC DISC 30 | B8: =B7 -> 46121 | C8: =C7 -> 46127 | D8: 3281 | E8: 337 | F8: 4 | G8: 1 | H8: 81588 | I8: DISNEY | J8: 63154834 | K8: TS4PRN3 | L8: SS T-SHIRT PRINCESS PITA SAMPING TS4PRN3:PASTEL PINK:6:GRAPHIC:SS T-SHIRT | M8: 99900 | N8: 0.3 | O8: =M8-((30*M8)/100) -> 69930 | P8: PERCENTAGE
A9: =A8 -> 2025 DEC DISC 30 | B9: =B8 -> 46121 | C9: =C8 -> 46127 | D9: 3281 | E9: 337 | F9: 4 | G9: 1 | H9: 81588 | I9: DISNEY | J9: 63154843 | K9: TS4PRN3 | L9: SS T-SHIRT PRINCESS PITA SAMPING TS4PRN3:PASTEL PINK:7-8:GRAPHIC:SS T-SHIRT | M9: 99900 | N9: 0.3 | O9: =M9-((30*M9)/100) -> 69930 | P9: PERCENTAGE
A10: =A9 -> 2025 DEC DISC 30 | B10: =B9 -> 46121 | C10: =C9 -> 46127 | D10: 3281 | E10: 337 | F10: 4 | G10: 4 | H10: 81588 | I10: DISNEY | J10: 61942638 | K10: LPCZTP | L10: LONG PANTS WIDE LEG TOY STORY LPCZTP:PASTEL BLUE:7-8:GRAPHIC:LONG PANTS | M10: 149900 | N10: 0.3 | O10: =M10-((30*M10)/100) -> 104930 | P10: PERCENTAGE
A11: =A10 -> 2025 DEC DISC 30 | B11: =B10 -> 46121 | C11: =C10 -> 46127 | D11: 3281 | E11: 337 | F11: 4 | G11: 4 | H11: 81588 | I11: DISNEY | J11: 61942647 | K11: LPCZTP | L11: LONG PANTS WIDE LEG TOY STORY LPCZTP:PASTEL BLUE:9-10:GRAPHIC:LONG PANTS | M11: 149900 | N11: 0.3 | O11: =M11-((30*M11)/100) -> 104930 | P11: PERCENTAGE
A12: =A11 -> 2025 DEC DISC 30 | B12: =B11 -> 46121 | C12: =C11 -> 46127 | D12: 3281 | E12: 337 | F12: 4 | G12: 4 | H12: 81588 | I12: DISNEY | J12: 61942656 | K12: LPCZTP | L12: LONG PANTS WIDE LEG TOY STORY LPCZTP:PASTEL BLUE:11-12:GRAPHIC:LONG PANTS | M12: 149900 | N12: 0.3 | O12: =M12-((30*M12)/100) -> 104930 | P12: PERCENTAGE
A13: =A12 -> 2025 DEC DISC 30 | B13: =B12 -> 46121 | C13: =C12 -> 46127 | D13: 3281 | E13: 337 | F13: 4 | G13: 4 | H13: 81588 | I13: DISNEY | J13: 61942665 | K13: LPCZTP | L13: LONG PANTS WIDE LEG TOY STORY LPCZTP:PASTEL BLUE:13-14:GRAPHIC:LONG PANTS | M13: 149900 | N13: 0.3 | O13: =M13-((30*M13)/100) -> 104930 | P13: PERCENTAGE
A14: =A13 -> 2025 DEC DISC 30 | B14: =B13 -> 46121 | C14: =C13 -> 46127 | D14: 3281 | E14: 337 | F14: 4 | G14: 5 | H14: 81506 | I14: DISNEY | J14: 61942718 | K14: DSRTMIN | L14: SS MIDI DRESS MINNIE CONSTELLATION DSRTMIN:NAVY BLUE:4:EMBRO:SS MIDI DRESS | M14: 179900 | N14: 0.3 | O14: =M14-((30*M14)/100) -> 125930 | P14: PERCENTAGE
... A17: =A16 -> 2025 DEC DISC 30 | B17: =B16 -> 46121 | C17: =C16 -> 46127 | D17: 3281 | E17: 337 | F17: 4 | G17: 5 | H17: 81506 | I17: DISNEY | J17: 61942745 | K17: DSRTMIN | L17: SS MIDI DRESS MINNIE CONSTELLATION DSRTMIN:NAVY BLUE:7-8:EMBRO:SS MIDI DRESS | M17: 179900 | N17: 0.3 | O17: =M17-((30*M17)/100) -> 125930 | P17: PERCENTAGE

Sheet 2025 OCTNOV D30 -3281
A1: ACARA | B1: FROM DATE | C1: TO DATE | D1: DEPT | E1: WORLD | F1: DIVISION | G1: CLASS | H1: SUPPLIER | I1: BRAND | J1: SKU | K1: ARTICLE | L1: DESCRIPTION | M1: HARGA NORMAL | N1: DISKON | O1: HARGA PROMO | P1: DISCOUNT TYPE
A2: 2025 OCT-NOV DISC 30% | B2: ='2025 HILITE D80 - 3321'!B9 -> 46121 | C2: ='2025 HILITE D80 - 3321'!C9 -> 46127 | D2: 3281 | E2: 337 | F2: 4 | G2: 1 | H2: 81679 | I2: DISNEY | J2: 61076959 | K2: TSTST3 | L2: SS T-SHIRT TOY STORY BAT WING TSTST3:PASTEL BLUE:7-8:GRAPHIC:SS T-SHIRT | M2: 99900 | N2: 0.3 | O2: =M2-((30*M2)/100) -> 69930 | P2: PERCENTAGE
A3: =A2 -> 2025 OCT-NOV DISC 30% | B3: =B2 -> 46121 | C3: =C2 -> 46127 | D3: 3281 | E3: 337 | F3: 4 | G3: 1 | H3: 81679 | I3: DISNEY | J3: 61076968 | K3: TSTST3 | L3: SS T-SHIRT TOY STORY BAT WING TSTST3:PASTEL BLUE:9-10:GRAPHIC:SS T-SHIRT | M3: 99900 | N3: =N2 -> 0.3 | O3: =M3-((30*M3)/100) -> 69930 | P3: =P2 -> PERCENTAGE
A4: =A3 -> 2025 OCT-NOV DISC 30% | B4: =B3 -> 46121 | C4: =C3 -> 46127 | D4: 3281 | E4: 337 | F4: 4 | G4: 1 | H4: 81679 | I4: DISNEY | J4: 61076977 | K4: TSTST3 | L4: SS T-SHIRT TOY STORY BAT WING TSTST3:PASTEL BLUE:11-12:GRAPHIC:SS T-SHIRT | M4: 99900 | N4: =N3 -> 0.3 | O4: =M4-((30*M4)/100) -> 69930 | P4: =P3 -> PERCENTAGE
A5: =A4 -> 2025 OCT-NOV DISC 30% | B5: =B4 -> 46121 | C5: =C4 -> 46127 | D5: 3281 | E5: 337 | F5: 4 | G5: 1 | H5: 81679 | I5: DISNEY | J5: 61076986 | K5: TSTST3 | L5: SS T-SHIRT TOY STORY BAT WING TSTST3:PASTEL BLUE:13-14:GRAPHIC:SS T-SHIRT | M5: 99900 | N5: =N4 -> 0.3 | O5: =M5-((30*M5)/100) -> 69930 | P5: =P4 -> PERCENTAGE
A6: =A5 -> 2025 OCT-NOV DISC 30% | B6: =B5 -> 46121 | C6: =C5 -> 46127 | D6: 3281 | E6: 337 | F6: 4 | G6: 1 | H6: 81679 | I6: DISNEY | J6: 61076833 | K6: TSZTP3 | L6: SS T-SHIRT ZOOTOPIA TSZTP3:OFF WHITE:7-8:PRINT:SS T-SHIRT | M6: 99900 | N6: =N5 -> 0.3 | O6: =M6-((30*M6)/100) -> 69930 | P6: =P5 -> PERCENTAGE
A7: =A6 -> 2025 OCT-NOV DISC 30% | B7: =B6 -> 46121 | C7: =C6 -> 46127 | D7: 3281 | E7: 337 | F7: 4 | G7: 1 | H7: 81679 | I7: DISNEY | J7: 61076842 | K7: TSZTP3 | L7: SS T-SHIRT ZOOTOPIA TSZTP3:OFF WHITE:9-10:PRINT:SS T-SHIRT | M7: 99900 | N7: =N6 -> 0.3 | O7: =M7-((30*M7)/100) -> 69930 | P7: =P6 -> PERCENTAGE
A8: =A7 -> 2025 OCT-NOV DISC 30% | B8: =B7 -> 46121 | C8: =C7 -> 46127 | D8: 3281 | E8: 337 | F8: 4 | G8: 1 | H8: 81679 | I8: DISNEY | J8: 61076851 | K8: TSZTP3 | L8: SS T-SHIRT ZOOTOPIA TSZTP3:OFF WHITE:11-12:PRINT:SS T-SHIRT | M8: 99900 | N8: =N7 -> 0.3 | O8: =M8-((30*M8)/100) -> 69930 | P8: =P7 -> PERCENTAGE
A9: =A8 -> 2025 OCT-NOV DISC 30% | B9: =B8 -> 46121 | C9: =C8 -> 46127 | D9: 3281 | E9: 337 | F9: 4 | G9: 1 | H9: 81679 | I9: DISNEY | J9: 61076860 | K9: TSZTP3 | L9: SS T-SHIRT ZOOTOPIA TSZTP3:OFF WHITE:13-14:PRINT:SS T-SHIRT | M9: 99900 | N9: =N8 -> 0.3 | O9: =M9-((30*M9)/100) -> 69930 | P9: =P8 -> PERCENTAGE
A10: =A9 -> 2025 OCT-NOV DISC 30% | B10: =B9 -> 46121 | C10: =C9 -> 46127 | D10: 3281 | E10: 337 | F10: 4 | G10: 1 | H10: 81588 | I10: DISNEY | J10: 61076799 | K10: TSZTP2 | L10: SS T-SHIRT ZOOTOPIA TSZTP2:PASTEL GREEN:7-8:GRAPHIC:SS T-SHIRT | M10: 99900 | N10: =N9 -> 0.3 | O10: =M10-((30*M10)/100) -> 69930 | P10: =P9 -> PERCENTAGE
A11: =A10 -> 2025 OCT-NOV DISC 30% | B11: =B10 -> 46121 | C11: =C10 -> 46127 | D11: 3281 | E11: 337 | F11: 4 | G11: 1 | H11: 81588 | I11: DISNEY | J11: 61076806 | K11: TSZTP2 | L11: SS T-SHIRT ZOOTOPIA TSZTP2:PASTEL GREEN:9-10:GRAPHIC:SS T-SHIRT | M11: 99900 | N11: =N10 -> 0.3 | O11: =M11-((30*M11)/100) -> 69930 | P11: =P10 -> PERCENTAGE
A12: =A11 -> 2025 OCT-NOV DISC 30% | B12: =B11 -> 46121 | C12: =C11 -> 46127 | D12: 3281 | E12: 337 | F12: 4 | G12: 1 | H12: 81588 | I12: DISNEY | J12: 61076815 | K12: TSZTP2 | L12: SS T-SHIRT ZOOTOPIA TSZTP2:PASTEL GREEN:11-12:GRAPHIC:SS T-SHIRT | M12: 99900 | N12: =N11 -> 0.3 | O12: =M12-((30*M12)/100) -> 69930 | P12: =P11 -> PERCENTAGE
A13: =A12 -> 2025 OCT-NOV DISC 30% | B13: =B12 -> 46121 | C13: =C12 -> 46127 | D13: 3281 | E13: 337 | F13: 4 | G13: 1 | H13: 81588 | I13: DISNEY | J13: 61076824 | K13: TSZTP2 | L13: SS T-SHIRT ZOOTOPIA TSZTP2:PASTEL GREEN:13-14:GRAPHIC:SS T-SHIRT | M13: 99900 | N13: =N12 -> 0.3 | O13: =M13-((30*M13)/100) -> 69930 | P13: =P12 -> PERCENTAGE
A14: =A13 -> 2025 OCT-NOV DISC 30% | B14: =B13 -> 46121 | C14: =C13 -> 46127 | D14: 3281 | E14: 337 | F14: 4 | G14: 1 | H14: 81588 | I14: DISNEY | J14: 61076753 | K14: TSZTP1 | L14: SS T-SHIRT ZOOTOPIA TSZTP1:PASTEL GREY:7-8:GRAPHIC:SS T-SHIRT | M14: 99900 | N14: =N13 -> 0.3 | O14: =M14-((30*M14)/100) -> 69930 | P14: =P13 -> PERCENTAGE
... A55: =A54 -> 2025 OCT-NOV DISC 30% | B55: =B54 -> 46121 | C55: =C54 -> 46127 | D55: 3281 | E55: 337 | F55: 4 | G55: 5 | H55: 81679 | I55: DISNEY | J55: 61942781 | K55: DSMCONS | L55: SS MIDI DRESS MINNIE CONSTELLATION DSMCONS:CHARCOAL:13-14:GRAPHIC:SS MIDI DRESS | M55: 149900 | N55: =N54 -> 0.3 | O55: =M55-((30*M55)/100) -> 104930 | P55: =P54 -> PERCENTAGE

Sheet 2025 JULSEPT B1G1- 3281
A1: ACARA | B1: FROM DATE | C1: TO DATE | D1: DEPT | E1: WORLD | F1: DIVISION | G1: CLASS | H1: SUPPLIER | I1: BRAND | J1: SKU | K1: ARTICLE | L1: DESCRIPTION | M1: HARGA NORMAL | N1: DISKON | O1: HARGA PROMO | P1: DISCOUNT TYPE
A2: 2025 JUL-SEPT B1G1 | B2: ='2025 HILITE D80 - 3321'!B6 -> 46121 | C2: ='2025 HILITE D80 - 3321'!C6 -> 46127 | D2: 3281 | E2: 337 | F2: 4 | G2: 1 | H2: 81146 | I2: DISNEY | J2: 55620345 | K2: TS3MIN3 | L2: SS T-SHIRT MINNIE TS3MIN3:OFF WHITE:6:GRAPHIC:SS T-SHIRT | M2: 129900 | N2: BXGY | O2: B1G1 | P2: BXGY
A3: =A2 -> 2025 JUL-SEPT B1G1 | B3: =B2 -> 46121 | C3: =C2 -> 46127 | D3: 3281 | E3: 337 | F3: 4 | G3: 1 | H3: 81146 | I3: DISNEY | J3: 55620354 | K3: TS3MIN3 | L3: SS T-SHIRT MINNIE TS3MIN3:OFF WHITE:7-8:GRAPHIC:SS T-SHIRT | M3: 129900 | N3: BXGY | O3: =O2 -> B1G1 | P3: BXGY
A4: =A3 -> 2025 JUL-SEPT B1G1 | B4: =B3 -> 46121 | C4: =C3 -> 46127 | D4: 3281 | E4: 337 | F4: 4 | G4: 1 | H4: 81588 | I4: DISNEY | J4: 54822003 | K4: TS3MIN | L4: SS T-SHIRT MINNIE BE BOLD TS3MIN:NAVY BLUE:7-8:GRAPHIC:SS T-SHIRT | M4: 99900 | N4: BXGY | O4: =O3 -> B1G1 | P4: BXGY
A5: =A4 -> 2025 JUL-SEPT B1G1 | B5: =B4 -> 46121 | C5: =C4 -> 46127 | D5: 3281 | E5: 337 | F5: 4 | G5: 1 | H5: 81588 | I5: DISNEY | J5: 54822012 | K5: TS3MIN | L5: SS T-SHIRT MINNIE BE BOLD TS3MIN:NAVY BLUE:9-10:GRAPHIC:SS T-SHIRT | M5: 99900 | N5: BXGY | O5: =O4 -> B1G1 | P5: BXGY
A6: =A5 -> 2025 JUL-SEPT B1G1 | B6: =B5 -> 46121 | C6: =C5 -> 46127 | D6: 3281 | E6: 337 | F6: 4 | G6: 1 | H6: 81588 | I6: DISNEY | J6: 54822021 | K6: TS3MIN | L6: SS T-SHIRT MINNIE BE BOLD TS3MIN:NAVY BLUE:11-12:GRAPHIC:SS T-SHIRT | M6: 99900 | N6: BXGY | O6: =O5 -> B1G1 | P6: BXGY
A7: =A6 -> 2025 JUL-SEPT B1G1 | B7: =B6 -> 46121 | C7: =C6 -> 46127 | D7: 3281 | E7: 337 | F7: 4 | G7: 1 | H7: 81588 | I7: DISNEY | J7: 54822030 | K7: TS3MIN | L7: SS T-SHIRT MINNIE BE BOLD TS3MIN:NAVY BLUE:13-14:GRAPHIC:SS T-SHIRT | M7: 99900 | N7: BXGY | O7: =O6 -> B1G1 | P7: BXGY
A8: =A7 -> 2025 JUL-SEPT B1G1 | B8: =B7 -> 46121 | C8: =C7 -> 46127 | D8: 3281 | E8: 337 | F8: 4 | G8: 1 | H8: 81588 | I8: DISNEY | J8: 54822085 | K8: TS3MIN2 | L8: SS T-SHIRT MINNIE EFFORTLESS TS3MIN2:PASTEL BLUE:7-8:GRAPHIC:SS T-SHIRT | M8: 99900 | N8: BXGY | O8: =O7 -> B1G1 | P8: BXGY
A9: =A8 -> 2025 JUL-SEPT B1G1 | B9: =B8 -> 46121 | C9: =C8 -> 46127 | D9: 3281 | E9: 337 | F9: 4 | G9: 1 | H9: 81588 | I9: DISNEY | J9: 54822094 | K9: TS3MIN2 | L9: SS T-SHIRT MINNIE EFFORTLESS TS3MIN2:PASTEL BLUE:9-10:GRAPHIC:SS T-SHIRT | M9: 99900 | N9: BXGY | O9: =O8 -> B1G1 | P9: BXGY
A10: =A9 -> 2025 JUL-SEPT B1G1 | B10: =B9 -> 46121 | C10: =C9 -> 46127 | D10: 3281 | E10: 337 | F10: 4 | G10: 1 | H10: 81588 | I10: DISNEY | J10: 54822101 | K10: TS3MIN2 | L10: SS T-SHIRT MINNIE EFFORTLESS TS3MIN2:PASTEL BLUE:11-12:GRAPHIC:SS T-SHIRT | M10: 99900 | N10: BXGY | O10: =O9 -> B1G1 | P10: BXGY
A11: =A10 -> 2025 JUL-SEPT B1G1 | B11: =B10 -> 46121 | C11: =C10 -> 46127 | D11: 3281 | E11: 337 | F11: 4 | G11: 1 | H11: 81588 | I11: DISNEY | J11: 54822110 | K11: TS3MIN2 | L11: SS T-SHIRT MINNIE EFFORTLESS TS3MIN2:PASTEL BLUE:13-14:GRAPHIC:SS T-SHIRT | M11: 99900 | N11: BXGY | O11: =O10 -> B1G1 | P11: BXGY
A12: =A11 -> 2025 JUL-SEPT B1G1 | B12: =B11 -> 46121 | C12: =C11 -> 46127 | D12: 3281 | E12: 337 | F12: 4 | G12: 1 | H12: 81588 | I12: DISNEY | J12: 55419617 | K12: TS3CIN1 | L12: SS T-SHIRT CINDERELLA V-NECK RIB TS3CIN1:PASTEL BLUE:4:GRAPHIC:SS T-SHIRT | M12: 99900 | N12: BXGY | O12: =O11 -> B1G1 | P12: BXGY
A13: =A12 -> 2025 JUL-SEPT B1G1 | B13: =B12 -> 46121 | C13: =C12 -> 46127 | D13: 3281 | E13: 337 | F13: 4 | G13: 1 | H13: 81588 | I13: DISNEY | J13: 55419626 | K13: TS3CIN1 | L13: SS T-SHIRT CINDERELLA V-NECK RIB TS3CIN1:PASTEL BLUE:5:GRAPHIC:SS T-SHIRT | M13: 99900 | N13: BXGY | O13: =O12 -> B1G1 | P13: BXGY
A14: =A13 -> 2025 JUL-SEPT B1G1 | B14: =B13 -> 46121 | C14: =C13 -> 46127 | D14: 3281 | E14: 337 | F14: 4 | G14: 1 | H14: 81588 | I14: DISNEY | J14: 55419635 | K14: TS3CIN1 | L14: SS T-SHIRT CINDERELLA V-NECK RIB TS3CIN1:PASTEL BLUE:6:GRAPHIC:SS T-SHIRT | M14: 99900 | N14: BXGY | O14: =O13 -> B1G1 | P14: BXGY
... A70: =A69 -> 2025 JUL-SEPT B1G1 | B70: =B69 -> 46121 | C70: =C69 -> 46127 | D70: 3281 | E70: 337 | F70: 4 | G70: 3 | H70: 81588 | I70: DISNEY | J70: 54822156 | K70: JK3MIC | L70: JACKET MICKEY CLASSIC JK3MIC:NAVY BLUE:13-14:GRAPHIC:JACKET | M70: 229900 | N70: BXGY | O70: =O69 -> B1G1 | P70: BXGY

Sheet 2025 HILITE D80 - 3281
A1: ACARA | B1: FROM DATE | C1: TO DATE | D1: DEPT | E1: WORLD | F1: DIVISION | G1: CLASS | H1: SUPPLIER | I1: BRAND | J1: SKU | K1: ARTICLE | L1: DESCRIPTION | M1: HARGA NORMAL | N1: DISKON | O1: HARGA PROMO | P1: DISCOUNT TYPE
A2: 2025 HILITE DISC 80 | B2: ='2025 HILITE D80 - 3321'!B2 -> 46121 | C2: ='2025 HILITE D80 - 3321'!C2 -> 46127 | D2: 3281 | E2: 337 | F2: 4 | G2: 5 | H2: 81506 | I2: DISNEY | J2: 51361767 | K2: DLCCMIN | L2: LS MIDI DRESS WOVEN MINNIE COSTAL COTTAGE DLCCMIN:PASTEL BLUE:7-8:GRAPHIC:LS MIDI DRESS | M2: 339900 | N2: 0.8 | O2: =M2-((80*M2)/100) -> 67980 | P2: PERCENTAGE
A3: 2025 HILITE DISC 80 | B3: =B2 -> 46121 | C3: =C2 -> 46127 | D3: 3281 | E3: 337 | F3: 4 | G3: 5 | H3: 81506 | I3: DISNEY | J3: 51361776 | K3: DLCCMIN | L3: LS MIDI DRESS WOVEN MINNIE COSTAL COTTAGE DLCCMIN:PASTEL BLUE:9-10:GRAPHIC:LS MIDI DRESS | M3: 339900 | N3: 0.8 | O3: =M3-((80*M3)/100) -> 67980 | P3: PERCENTAGE
A4: 2025 HILITE DISC 80 | B4: =B3 -> 46121 | C4: =C3 -> 46127 | D4: 3281 | E4: 337 | F4: 4 | G4: 5 | H4: 81506 | I4: DISNEY | J4: 51361749 | K4: DLCCMIN | L4: LS MIDI DRESS WOVEN MINNIE COSTAL COTTAGE DLCCMIN:PASTEL BLUE:4-5:GRAPHIC:LS MIDI DRESS | M4: 339900 | N4: 0.8 | O4: =M4-((80*M4)/100) -> 67980 | P4: PERCENTAGE
A5: 2025 HILITE DISC 80 | B5: =B4 -> 46121 | C5: =C4 -> 46127 | D5: 3281 | E5: 337 | F5: 4 | G5: 5 | H5: 81506 | I5: DISNEY | J5: 51361758 | K5: DLCCMIN | L5: LS MIDI DRESS WOVEN MINNIE COSTAL COTTAGE DLCCMIN:PASTEL BLUE:5-6:GRAPHIC:LS MIDI DRESS | M5: 339900 | N5: 0.8 | O5: =M5-((80*M5)/100) -> 67980 | P5: PERCENTAGE
A6: 2025 HILITE DISC 80 | B6: =B5 -> 46121 | C6: =C5 -> 46127 | D6: 3281 | E6: 337 | F6: 4 | G6: 5 | H6: 81506 | I6: DISNEY | J6: 51361801 | K6: DLOVWFZA2 | L6: LS MIDI DRESS WOVEN FROZEN DLOVWFZA2:PASTEL BLUE:7-8:GRAPHIC:LS MIDI DRESS | M6: 319900 | N6: 0.8 | O6: =M6-((80*M6)/100) -> 63980 | P6: PERCENTAGE
A7: 2025 HILITE DISC 80 | B7: =B6 -> 46121 | C7: =C6 -> 46127 | D7: 3281 | E7: 337 | F7: 4 | G7: 5 | H7: 81506 | I7: DISNEY | J7: 51361785 | K7: DLOVWFZA2 | L7: LS MIDI DRESS WOVEN FROZEN DLOVWFZA2:PASTEL BLUE:4-5:GRAPHIC:LS MIDI DRESS | M7: 319900 | N7: 0.8 | O7: =M7-((80*M7)/100) -> 63980 | P7: PERCENTAGE
A8: 2025 HILITE DISC 80 | B8: =B7 -> 46121 | C8: =C7 -> 46127 | D8: 3281 | E8: 337 | F8: 4 | G8: 5 | H8: 81506 | I8: DISNEY | J8: 51361810 | K8: DLOVWFZA2 | L8: LS MIDI DRESS WOVEN FROZEN DLOVWFZA2:PASTEL BLUE:9-10:GRAPHIC:LS MIDI DRESS | M8: 319900 | N8: 0.8 | O8: =M8-((80*M8)/100) -> 63980 | P8: PERCENTAGE
A9: 2025 HILITE DISC 80 | B9: =B8 -> 46121 | C9: =C8 -> 46127 | D9: 3281 | E9: 337 | F9: 4 | G9: 5 | H9: 81506 | I9: DISNEY | J9: 51361794 | K9: DLOVWFZA2 | L9: LS MIDI DRESS WOVEN FROZEN DLOVWFZA2:PASTEL BLUE:5-6:GRAPHIC:LS MIDI DRESS | M9: 319900 | N9: 0.8 | O9: =M9-((80*M9)/100) -> 63980 | P9: PERCENTAGE
A10: 2025 HILITE DISC 80 | B10: =B9 -> 46121 | C10: =C9 -> 46127 | D10: 3281 | E10: 337 | F10: 4 | G10: 5 | H10: 81146 | I10: DISNEY | J10: 51361972 | K10: DLWPMIN | L10: LS MIDI DRESS WOVEN PITA KOTAK MINNIE DLWPMIN:TERRACOTTA:11-12:CHECKS:LS MIDI DRESS | M10: 339900 | N10: 0.8 | O10: =M10-((80*M10)/100) -> 67980 | P10: PERCENTAGE
A11: 2025 HILITE DISC 80 | B11: =B10 -> 46121 | C11: =C10 -> 46127 | D11: 3281 | E11: 337 | F11: 4 | G11: 5 | H11: 81146 | I11: DISNEY | J11: 51361954 | K11: DLWPMIN | L11: LS MIDI DRESS WOVEN PITA KOTAK MINNIE DLWPMIN:TERRACOTTA:7-8:CHECKS:LS MIDI DRESS | M11: 339900 | N11: 0.8 | O11: =M11-((80*M11)/100) -> 67980 | P11: PERCENTAGE
A12: 2025 HILITE DISC 80 | B12: =B11 -> 46121 | C12: =C11 -> 46127 | D12: 3281 | E12: 337 | F12: 4 | G12: 5 | H12: 81146 | I12: DISNEY | J12: 51361945 | K12: DLWPMIN | L12: LS MIDI DRESS WOVEN PITA KOTAK MINNIE DLWPMIN:TERRACOTTA:5-6:CHECKS:LS MIDI DRESS | M12: 339900 | N12: 0.8 | O12: =M12-((80*M12)/100) -> 67980 | P12: PERCENTAGE
A13: 2025 HILITE DISC 80 | B13: =B12 -> 46121 | C13: =C12 -> 46127 | D13: 3281 | E13: 337 | F13: 4 | G13: 5 | H13: 81146 | I13: DISNEY | J13: 51361963 | K13: DLWPMIN | L13: LS MIDI DRESS WOVEN PITA KOTAK MINNIE DLWPMIN:TERRACOTTA:9-10:CHECKS:LS MIDI DRESS | M13: 339900 | N13: 0.8 | O13: =M13-((80*M13)/100) -> 67980 | P13: PERCENTAGE
A14: 2025 HILITE DISC 80 | B14: =B13 -> 46121 | C14: =C13 -> 46127 | D14: 3281 | E14: 337 | F14: 4 | G14: 4 | H14: 81146 | I14: DISNEY | J14: 51721289 | K14: LPWVMIN | L14: LONG PANTS WOVEN MINNIE LPWVMIN:MEDIUM DENIM:7-8:GRAPHIC:LONG PANTS | M14: 279900 | N14: 0.8 | O14: =M14-((80*M14)/100) -> 55980 | P14: PERCENTAGE
... A33: 2025 HILITE DISC 80 | B33: =B32 -> 46121 | C33: =C32 -> 46127 | D33: 3281 | E33: 337 | F33: 4 | G33: 2 | H33: 81506 | I33: DISNEY | J33: 51361712 | K33: LSL25MIN | L33: LS SHIRT WOVEN MINNIE LSL25MIN:PASTEL GREEN:7-8:GRAPHIC:LS SHIRT | M33: 279900 | N33: 0.8 | O33: =M33-((80*M33)/100) -> 55980 | P33: PERCENTAGE

Sheet 2025 JAN-JUN D75 - 3281
A1: ACARA | B1: FROM DATE | C1: TO DATE | D1: DEPT | E1: WORLD | F1: DIVISION | G1: CLASS | H1: SUPPLIER | I1: BRAND | J1: SKU | K1: ARTICLE | L1: DESCRIPTION | M1: HARGA NORMAL | N1: DISKON | O1: HARGA PROMO | P1: DISCOUNT TYPE
A2: 2025 JAN-JUN DISCOUNT 75% | B2: ='2025 HILITE D80 - 3321'!B2 -> 46121 | C2: ='2025 HILITE D80 - 3321'!C2 -> 46127 | D2: 3281 | E2: 337 | F2: 4 | G2: 5 | H2: 81146 | I2: DISNEY | J2: 51721314 | K2: DSWFZA | L2: SS MIDI DRESS KOMBI WOVEN FROZEN DSWFZA:PASTEL BLUE:5-6:GRAPHIC:SS MIDI DRESS | M2: 319900 | N2: 0.75 | O2: =M2-((75*M2))/100 -> 79975 | P2: PERCENTAGE
A3: =A2 -> 2025 JAN-JUN DISCOUNT 75% | B3: =B2 -> 46121 | C3: =C2 -> 46127 | D3: 3281 | E3: 337 | F3: 4 | G3: 5 | H3: 81146 | I3: DISNEY | J3: 51721341 | K3: DSWFZA | L3: SS MIDI DRESS KOMBI WOVEN FROZEN DSWFZA:PASTEL BLUE:11-12:GRAPHIC:SS MIDI DRESS | M3: 319900 | N3: =N2 -> 0.75 | O3: =M3-((75*M3))/100 -> 79975 | P3: =P2 -> PERCENTAGE
A4: =A3 -> 2025 JAN-JUN DISCOUNT 75% | B4: =B3 -> 46121 | C4: =C3 -> 46127 | D4: 3281 | E4: 337 | F4: 4 | G4: 5 | H4: 81146 | I4: DISNEY | J4: 51721332 | K4: DSWFZA | L4: SS MIDI DRESS KOMBI WOVEN FROZEN DSWFZA:PASTEL BLUE:9-10:GRAPHIC:SS MIDI DRESS | M4: 319900 | N4: =N3 -> 0.75 | O4: =M4-((75*M4))/100 -> 79975 | P4: =P3 -> PERCENTAGE
A5: =A4 -> 2025 JAN-JUN DISCOUNT 75% | B5: =B4 -> 46121 | C5: =C4 -> 46127 | D5: 3281 | E5: 337 | F5: 4 | G5: 5 | H5: 81146 | I5: DISNEY | J5: 51721323 | K5: DSWFZA | L5: SS MIDI DRESS KOMBI WOVEN FROZEN DSWFZA:PASTEL BLUE:7-8:GRAPHIC:SS MIDI DRESS | M5: 319900 | N5: =N4 -> 0.75 | O5: =M5-((75*M5))/100 -> 79975 | P5: =P4 -> PERCENTAGE
A6: =A5 -> 2025 JAN-JUN DISCOUNT 75% | B6: =B5 -> 46121 | C6: =C5 -> 46127 | D6: 3281 | E6: 337 | F6: 4 | G6: 5 | H6: 81146 | I6: DISNEY | J6: 51361918 | K6: DLWKTMAR | L6: LS MIDI DRESS WOVEN KOTAK ROMPI MARIE DLWKTMAR:PASTEL PINK:7-8:CHECKS:LS MIDI DRESS | M6: 339900 | N6: =N5 -> 0.75 | O6: =M6-((75*M6))/100 -> 84975 | P6: =P5 -> PERCENTAGE
A7: =A6 -> 2025 JAN-JUN DISCOUNT 75% | B7: =B6 -> 46121 | C7: =C6 -> 46127 | D7: 3281 | E7: 337 | F7: 4 | G7: 5 | H7: 81146 | I7: DISNEY | J7: 51361909 | K7: DLWKTMAR | L7: LS MIDI DRESS WOVEN KOTAK ROMPI MARIE DLWKTMAR:PASTEL PINK:5-6:CHECKS:LS MIDI DRESS | M7: 339900 | N7: =N6 -> 0.75 | O7: =M7-((75*M7))/100 -> 84975 | P7: =P6 -> PERCENTAGE
A8: =A7 -> 2025 JAN-JUN DISCOUNT 75% | B8: =B7 -> 46121 | C8: =C7 -> 46127 | D8: 3281 | E8: 337 | F8: 4 | G8: 5 | H8: 81146 | I8: DISNEY | J8: 51361936 | K8: DLWKTMAR | L8: LS MIDI DRESS WOVEN KOTAK ROMPI MARIE DLWKTMAR:PASTEL PINK:11-12:CHECKS:LS MIDI DRESS | M8: 339900 | N8: =N7 -> 0.75 | O8: =M8-((75*M8))/100 -> 84975 | P8: =P7 -> PERCENTAGE
A9: =A8 -> 2025 JAN-JUN DISCOUNT 75% | B9: =B8 -> 46121 | C9: =C8 -> 46127 | D9: 3281 | E9: 337 | F9: 4 | G9: 5 | H9: 81146 | I9: DISNEY | J9: 51361927 | K9: DLWKTMAR | L9: LS MIDI DRESS WOVEN KOTAK ROMPI MARIE DLWKTMAR:PASTEL PINK:9-10:CHECKS:LS MIDI DRESS | M9: 339900 | N9: =N8 -> 0.75 | O9: =M9-((75*M9))/100 -> 84975 | P9: =P8 -> PERCENTAGE
A10: =A9 -> 2025 JAN-JUN DISCOUNT 75% | B10: =B9 -> 46121 | C10: =C9 -> 46127 | D10: 3281 | E10: 337 | F10: 4 | G10: 1 | H10: 81462 | I10: DISNEY | J10: 51361614 | K10: SSFZARIB | L10: SS T-SHIRT RIB FROZEN SSFZARIB:PASTEL PURPLE:11-12:GRAPHIC:SS T-SHIRT | M10: 149900 | N10: =N9 -> 0.75 | O10: =M10-((75*M10))/100 -> 37475 | P10: =P9 -> PERCENTAGE
A11: =A10 -> 2025 JAN-JUN DISCOUNT 75% | B11: =B10 -> 46121 | C11: =C10 -> 46127 | D11: 3281 | E11: 337 | F11: 4 | G11: 1 | H11: 81462 | I11: DISNEY | J11: 51361589 | K11: SSFZARIB | L11: SS T-SHIRT RIB FROZEN SSFZARIB:PASTEL PURPLE:5-6:GRAPHIC:SS T-SHIRT | M11: 149900 | N11: =N10 -> 0.75 | O11: =M11-((75*M11))/100 -> 37475 | P11: =P10 -> PERCENTAGE
A12: =A11 -> 2025 JAN-JUN DISCOUNT 75% | B12: =B11 -> 46121 | C12: =C11 -> 46127 | D12: 3281 | E12: 337 | F12: 4 | G12: 1 | H12: 81462 | I12: DISNEY | J12: 51361605 | K12: SSFZARIB | L12: SS T-SHIRT RIB FROZEN SSFZARIB:PASTEL PURPLE:9-10:GRAPHIC:SS T-SHIRT | M12: 149900 | N12: =N11 -> 0.75 | O12: =M12-((75*M12))/100 -> 37475 | P12: =P11 -> PERCENTAGE
A13: =A12 -> 2025 JAN-JUN DISCOUNT 75% | B13: =B12 -> 46121 | C13: =C12 -> 46127 | D13: 3281 | E13: 337 | F13: 4 | G13: 1 | H13: 81462 | I13: DISNEY | J13: 51361598 | K13: SSFZARIB | L13: SS T-SHIRT RIB FROZEN SSFZARIB:PASTEL PURPLE:7-8:GRAPHIC:SS T-SHIRT | M13: 149900 | N13: =N12 -> 0.75 | O13: =M13-((75*M13))/100 -> 37475 | P13: =P12 -> PERCENTAGE
A14: =A13 -> 2025 JAN-JUN DISCOUNT 75% | B14: =B13 -> 46121 | C14: =C13 -> 46127 | D14: 3281 | E14: 337 | F14: 4 | G14: 3 | H14: 81506 | I14: DISNEY | J14: 51721529 | K14: SWKRPRN | L14: SWEATSHIRT PRINCESS KERAH RENDA SWKRPRN:PASTEL PINK:4-5:GRAPHIC:SWEATSHIRT | M14: 229900 | N14: =N13 -> 0.75 | O14: =M14-((75*M14))/100 -> 57475 | P14: =P13 -> PERCENTAGE
... A115: =A114 -> 2025 JAN-JUN DISCOUNT 75% | B115: =B114 -> 46121 | C115: =C114 -> 46127 | D115: 3281 | E115: 337 | F115: 4 | G115: 1 | H115: 81588 | I115: DISNEY | J115: 52763241 | K115: TSDKLOT | L115: SS T-SHIRT LOOK OUT LOTSO TSDKLOT:PASTEL PURPLE:7-8:GRAPHIC:SS T-SHIRT | M115: 149900 | N115: =N114 -> 0.75 | O115: =M115-((75*M115))/100 -> 37475 | P115: =P114 -> PERCENTAGE
A116: =A115 -> 2025 JAN-JUN DISCOUNT 75% | B116: =B115 -> 46121 | C116: =C115 -> 46127 | D116: 3281 | E116: 337 | F116: 4 | G116: 1 | H116: 81588 | I116: DISNEY | J116: 53401399 | K116: TSGJSTT | L116: SS T-SHIRT STITCH DBL PRINT TSGJSTT:OFF WHITE:5-6:GRAPHIC:SS T-SHIRT | M116: 149900 | N116: 0.75 | O116: =M116-((75*M116))/100 -> 37475 | P116: PERCENTAGE
A117: =A116 -> 2025 JAN-JUN DISCOUNT 75% | B117: =B116 -> 46121 | C117: =C116 -> 46127 | D117: 3281 | E117: 337 | F117: 4 | G117: 1 | H117: 81588 | I117: DISNEY | J117: 53401406 | K117: TSGJSTT | L117: SS T-SHIRT STITCH DBL PRINT TSGJSTT:OFF WHITE:7-8:GRAPHIC:SS T-SHIRT | M117: 149900 | N117: 0.75 | O117: =M117-((75*M117))/100 -> 37475 | P117: PERCENTAGE
A118: =A117 -> 2025 JAN-JUN DISCOUNT 75% | B118: =B117 -> 46121 | C118: =C117 -> 46127 | D118: 3281 | E118: 337 | F118: 4 | G118: 1 | H118: 81588 | I118: DISNEY | J118: 53401415 | K118: TSGJSTT | L118: SS T-SHIRT STITCH DBL PRINT TSGJSTT:OFF WHITE:9-10:GRAPHIC:SS T-SHIRT | M118: 149900 | N118: 0.75 | O118: =M118-((75*M118))/100 -> 37475 | P118: PERCENTAGE
A119: =A118 -> 2025 JAN-JUN DISCOUNT 75% | B119: =B118 -> 46121 | C119: =C118 -> 46127 | D119: 3281 | E119: 337 | F119: 4 | G119: 1 | H119: 81588 | I119: DISNEY | J119: 53401424 | K119: TSGJSTT | L119: SS T-SHIRT STITCH DBL PRINT TSGJSTT:OFF WHITE:11-12:GRAPHIC:SS T-SHIRT | M119: 149900 | N119: 0.75 | O119: =M119-((75*M119))/100 -> 37475 | P119: PERCENTAGE
A120: =A119 -> 2025 JAN-JUN DISCOUNT 75% | B120: =B119 -> 46121 | C120: =C119 -> 46127 | D120: 3281 | E120: 337 | F120: 4 | G120: 1 | H120: 81146 | I120: DISNEY | J120: 53401317 | K120: SSTDSTT2 | L120: SS T-SHIRT STITCH BOXY SSTDSTT2:PASTEL PINK:5-6:PRINT:SS T-SHIRT | M120: 169900 | N120: 0.75 | O120: =M120-((75*M120))/100 -> 42475 | P120: PERCENTAGE
A121: =A120 -> 2025 JAN-JUN DISCOUNT 75% | B121: =B120 -> 46121 | C121: =C120 -> 46127 | D121: 3281 | E121: 337 | F121: 4 | G121: 1 | H121: 81146 | I121: DISNEY | J121: 53401326 | K121: SSTDSTT2 | L121: SS T-SHIRT STITCH BOXY SSTDSTT2:PASTEL PINK:7-8:PRINT:SS T-SHIRT | M121: 169900 | N121: 0.75 | O121: =M121-((75*M121))/100 -> 42475 | P121: PERCENTAGE
A122: =A121 -> 2025 JAN-JUN DISCOUNT 75% | B122: =B121 -> 46121 | C122: =C121 -> 46127 | D122: 3281 | E122: 337 | F122: 4 | G122: 1 | H122: 81146 | I122: DISNEY | J122: 53401335 | K122: SSTDSTT2 | L122: SS T-SHIRT STITCH BOXY SSTDSTT2:PASTEL PINK:9-10:PRINT:SS T-SHIRT | M122: 169900 | N122: 0.75 | O122: =M122-((75*M122))/100 -> 42475 | P122: PERCENTAGE
A123: =A122 -> 2025 JAN-JUN DISCOUNT 75% | B123: =B122 -> 46121 | C123: =C122 -> 46127 | D123: 3281 | E123: 337 | F123: 4 | G123: 1 | H123: 81146 | I123: DISNEY | J123: 53401344 | K123: SSTDSTT2 | L123: SS T-SHIRT STITCH BOXY SSTDSTT2:PASTEL PINK:11-12:PRINT:SS T-SHIRT | M123: 169900 | N123: 0.75 | O123: =M123-((75*M123))/100 -> 42475 | P123: PERCENTAGE
A124: =A123 -> 2025 JAN-JUN DISCOUNT 75% | B124: =B123 -> 46121 | C124: =C123 -> 46127 | D124: 3281 | E124: 337 | F124: 4 | G124: 1 | H124: 81676 | I124: DISNEY | J124: 53401353 | K124: TSSTT3 | L124: SS T-SHIRT STRIPES STITCH MAKES SOME WAVES TSSTT3:PASTEL BLUE:5-6:STRIPES:SS T-SHIRT | M124: 149900 | N124: 0.75 | O124: =M124-((75*M124))/100 -> 37475 | P124: PERCENTAGE
A125: =A124 -> 2025 JAN-JUN DISCOUNT 75% | B125: =B124 -> 46121 | C125: =C124 -> 46127 | D125: 3281 | E125: 337 | F125: 4 | G125: 1 | H125: 81676 | I125: DISNEY | J125: 53401362 | K125: TSSTT3 | L125: SS T-SHIRT STRIPES STITCH MAKES SOME WAVES TSSTT3:PASTEL BLUE:7-8:STRIPES:SS T-SHIRT | M125: 149900 | N125: 0.75 | O125: =M125-((75*M125))/100 -> 37475 | P125: PERCENTAGE
A126: =A125 -> 2025 JAN-JUN DISCOUNT 75% | B126: =B125 -> 46121 | C126: =C125 -> 46127 | D126: 3281 | E126: 337 | F126: 4 | G126: 1 | H126: 81676 | I126: DISNEY | J126: 53401371 | K126: TSSTT3 | L126: SS T-SHIRT STRIPES STITCH MAKES SOME WAVES TSSTT3:PASTEL BLUE:9-10:STRIPES:SS T-SHIRT | M126: 149900 | N126: 0.75 | O126: =M126-((75*M126))/100 -> 37475 | P126: PERCENTAGE
A127: =A126 -> 2025 JAN-JUN DISCOUNT 75% | B127: =B126 -> 46121 | C127: =C126 -> 46127 | D127: 3281 | E127: 337 | F127: 4 | G127: 1 | H127: 81676 | I127: DISNEY | J127: 53401380 | K127: TSSTT3 | L127: SS T-SHIRT STRIPES STITCH MAKES SOME WAVES TSSTT3:PASTEL BLUE:11-12:STRIPES:SS T-SHIRT | M127: 149900 | N127: 0.75 | O127: =M127-((75*M127))/100 -> 37475 | P127: PERCENTAGE
... A151: =A150 -> 2025 JAN-JUN DISCOUNT 75% | B151: =B150 -> 46121 | C151: =C150 -> 46127 | D151: 3281 | E151: 337 | F151: 4 | G151: 5 | H151: 81146 | I151: DISNEY | J151: 53401586 | K151: DSSTIT1 | L151: SS MIDI DRESS STITCH KOMBI WVN DSSTIT1:PASTEL PINK:11-12:GRAPHIC:SS MIDI DRESS | M151: 259900 | N151: 0.75 | O151: =M151-((75*M151))/100 -> 64975 | P151: PERCENTAGE

Sheet 2024 JAN-DEC D75- 3281
A1: ACARA | B1: FROM DATE | C1: TO DATE | D1: DEPT | E1: WORLD | F1: DIVISION | G1: CLASS | H1: SUPPLIER | I1: BRAND | J1: SKU | K1: ARTICLE | L1: DESCRIPTION | M1: HARGA NORMAL | N1: DISKON | O1: HARGA PROMO | P1: DISCOUNT TYPE
A2: 2024 JAN-DEC DISC 75% | B2: ='2025 HILITE D80 - 3321'!B2 -> 46121 | C2: ='2025 HILITE D80 - 3321'!C2 -> 46127 | D2: 3281 | E2: 337 | F2: 4 | G2: 1 | H2: 81146 | I2: DISNEY | J2: 15372117 | K2: SSMEMAR1 | L2: SS T-SHIRT TOP TALI SERUT FP MARIE SSMEMAR1:PASTEL ORANGE:5-6:PRINT:SS T-SHIRT | M2: 149900 | N2: 0.75 | O2: =M2-((75*M2))/100 -> 37475 | P2: PERCENTAGE
A3: =A2 -> 2024 JAN-DEC DISC 75% | B3: =B2 -> 46121 | C3: =C2 -> 46127 | D3: 3281 | E3: 337 | F3: 4 | G3: 1 | H3: 81146 | I3: DISNEY | J3: 15372126 | K3: SSMEMAR1 | L3: SS T-SHIRT TOP TALI SERUT FP MARIE SSMEMAR1:PASTEL ORANGE:7-8:PRINT:SS T-SHIRT | M3: 149900 | N3: =N2 -> 0.75 | O3: =M3-((75*M3))/100 -> 37475 | P3: PERCENTAGE
A4: =A3 -> 2024 JAN-DEC DISC 75% | B4: =B3 -> 46121 | C4: =C3 -> 46127 | D4: 3281 | E4: 337 | F4: 4 | G4: 1 | H4: 81146 | I4: DISNEY | J4: 15372135 | K4: SSMEMAR1 | L4: SS T-SHIRT TOP TALI SERUT FP MARIE SSMEMAR1:PASTEL ORANGE:9-10:PRINT:SS T-SHIRT | M4: 149900 | N4: =N3 -> 0.75 | O4: =M4-((75*M4))/100 -> 37475 | P4: PERCENTAGE
A5: =A4 -> 2024 JAN-DEC DISC 75% | B5: =B4 -> 46121 | C5: =C4 -> 46127 | D5: 3281 | E5: 337 | F5: 4 | G5: 1 | H5: 81146 | I5: DISNEY | J5: 15372144 | K5: SSMEMAR1 | L5: SS T-SHIRT TOP TALI SERUT FP MARIE SSMEMAR1:PASTEL ORANGE:11-12:PRINT:SS T-SHIRT | M5: 149900 | N5: =N4 -> 0.75 | O5: =M5-((75*M5))/100 -> 37475 | P5: PERCENTAGE
A6: =A5 -> 2024 JAN-DEC DISC 75% | B6: =B5 -> 46121 | C6: =C5 -> 46127 | D6: 3281 | E6: 337 | F6: 4 | G6: 1 | H6: 81146 | I6: DISNEY | J6: 16418414 | K6: SSMMIN | L6: SS T-SHIRT TOP FP MINNIE FLOCKING SSMMIN:PASTEL BLUE:5-6:PRINT:SS T-SHIRT | M6: 149900 | N6: =N5 -> 0.75 | O6: =M6-((75*M6))/100 -> 37475 | P6: PERCENTAGE
A7: =A6 -> 2024 JAN-DEC DISC 75% | B7: =B6 -> 46121 | C7: =C6 -> 46127 | D7: 3281 | E7: 337 | F7: 4 | G7: 1 | H7: 81146 | I7: DISNEY | J7: 16418423 | K7: SSMMIN | L7: SS T-SHIRT TOP FP MINNIE FLOCKING SSMMIN:PASTEL BLUE:7-8:PRINT:SS T-SHIRT | M7: 149900 | N7: =N6 -> 0.75 | O7: =M7-((75*M7))/100 -> 37475 | P7: PERCENTAGE
A8: =A7 -> 2024 JAN-DEC DISC 75% | B8: =B7 -> 46121 | C8: =C7 -> 46127 | D8: 3281 | E8: 337 | F8: 4 | G8: 1 | H8: 81146 | I8: DISNEY | J8: 16418441 | K8: SSMMIN | L8: SS T-SHIRT TOP FP MINNIE FLOCKING SSMMIN:PASTEL BLUE:11-12:PRINT:SS T-SHIRT | M8: 149900 | N8: =N7 -> 0.75 | O8: =M8-((75*M8))/100 -> 37475 | P8: PERCENTAGE
A9: =A8 -> 2024 JAN-DEC DISC 75% | B9: =B8 -> 46121 | C9: =C8 -> 46127 | D9: 3281 | E9: 337 | F9: 4 | G9: 1 | H9: 81421 | I9: DISNEY | J9: 16418450 | K9: LSMINL4 | L9: LS T-SHIRT 3/4 BT MINNIE WILD FLOWER LSMINL4:PASTEL PINK:5-6:GRAPHIC:LS T-SHIRT | M9: 189900 | N9: =N8 -> 0.75 | O9: =M9-((75*M9))/100 -> 47475 | P9: PERCENTAGE
A10: =A9 -> 2024 JAN-DEC DISC 75% | B10: =B9 -> 46121 | C10: =C9 -> 46127 | D10: 3281 | E10: 337 | F10: 4 | G10: 1 | H10: 81421 | I10: DISNEY | J10: 16418469 | K10: LSMINL4 | L10: LS T-SHIRT 3/4 BT MINNIE WILD FLOWER LSMINL4:PASTEL PINK:7-8:GRAPHIC:LS T-SHIRT | M10: 189900 | N10: =N9 -> 0.75 | O10: =M10-((75*M10))/100 -> 47475 | P10: PERCENTAGE
A11: =A10 -> 2024 JAN-DEC DISC 75% | B11: =B10 -> 46121 | C11: =C10 -> 46127 | D11: 3281 | E11: 337 | F11: 4 | G11: 1 | H11: 81421 | I11: DISNEY | J11: 16418487 | K11: LSMINL4 | L11: LS T-SHIRT 3/4 BT MINNIE WILD FLOWER LSMINL4:PASTEL PINK:11-12:GRAPHIC:LS T-SHIRT | M11: 189900 | N11: =N10 -> 0.75 | O11: =M11-((75*M11))/100 -> 47475 | P11: PERCENTAGE
A12: =A11 -> 2024 JAN-DEC DISC 75% | B12: =B11 -> 46121 | C12: =C11 -> 46127 | D12: 3281 | E12: 337 | F12: 4 | G12: 1 | H12: 80920 | I12: DISNEY | J12: 13493204 | K12: TSSNMIN | L12: SS T-SHIRT FP MINNIE STARRY NIGHT TSSNMIN:PASTEL ORANGE:5-6:PRINT:SS T-SHIRT | M12: 149900 | N12: =N11 -> 0.75 | O12: =M12-((75*M12))/100 -> 37475 | P12: PERCENTAGE
A13: =A12 -> 2024 JAN-DEC DISC 75% | B13: =B12 -> 46121 | C13: =C12 -> 46127 | D13: 3281 | E13: 337 | F13: 4 | G13: 1 | H13: 80920 | I13: DISNEY | J13: 13493213 | K13: TSSNMIN | L13: SS T-SHIRT FP MINNIE STARRY NIGHT TSSNMIN:PASTEL ORANGE:7-8:PRINT:SS T-SHIRT | M13: 149900 | N13: =N12 -> 0.75 | O13: =M13-((75*M13))/100 -> 37475 | P13: PERCENTAGE
A14: =A13 -> 2024 JAN-DEC DISC 75% | B14: =B13 -> 46121 | C14: =C13 -> 46127 | D14: 3281 | E14: 337 | F14: 4 | G14: 1 | H14: 80920 | I14: DISNEY | J14: 13493222 | K14: TSSNMIN | L14: SS T-SHIRT FP MINNIE STARRY NIGHT TSSNMIN:PASTEL ORANGE:9-10:PRINT:SS T-SHIRT | M14: 149900 | N14: =N13 -> 0.75 | O14: =M14-((75*M14))/100 -> 37475 | P14: PERCENTAGE
... A329: =A328 -> 2024 JAN-DEC DISC 75% | B329: =B328 -> 46121 | C329: =C328 -> 46127 | D329: 3281 | E329: 337 | F329: 4 | G329: 5 | H329: 81146 | I329: DISNEY | J329: 50130544 | K329: DLMMIN | L329: LS MIDI DRESS KERAH MINNIE DLMMIN:PASTEL PINK:11-12:GRAPHIC:LS MIDI DRESS | M329: 299900 | N329: =N328 -> 0.75 | O329: =M329-((75*M329))/100 -> 74975 | P329: PERCENTAGE

Sheet 2023 JAN-DEC D90 - 3281
A1: ACARA | B1: FROM DATE | C1: TO DATE | D1: DEPT | E1: WORLD | F1: DIVISION | G1: CLASS | H1: SUPPLIER | I1: BRAND | J1: SKU | K1: ARTICLE | L1: DESCRIPTION | M1: HARGA NORMAL | N1: DISKON | O1: HARGA PROMO | P1: DISCOUNT TYPE
A2: 2023 JAN-DEC DISC 90 | B2: ='2025 HILITE D80 - 3321'!B2 -> 46121 | C2: ='2025 HILITE D80 - 3321'!C2 -> 46127 | D2: 3281 | E2: 337 | F2: 4 | G2: 1 | H2: 80994 | I2: DISNEY | J2: 83381177 | K2: SSTEAMUP | L2: SS T-SHIRT TEAM UP PRINCESS AURORA 66050100PRN SSTEAMUP:PASTEL PURPLE:7-8:GRAPHIC:SS T-SHIRT | M2: 189900 | N2: 0.9 | O2: =M2-((90*M2)/100) -> 18990 | P2: PERCENTAGE
A3: 2023 JAN-DEC DISC 90 | B3: =B2 -> 46121 | C3: =C2 -> 46127 | D3: 3281 | E3: 337 | F3: 4 | G3: 1 | H3: 80994 | I3: DISNEY | J3: 83381186 | K3: SSTEAMUP | L3: SS T-SHIRT TEAM UP PRINCESS AURORA 66050100PRN SSTEAMUP:PASTEL PURPLE:9-10:GRAPHIC:SS T-SHIRT | M3: 189900 | N3: 0.9 | O3: =M3-((90*M3)/100) -> 18990 | P3: PERCENTAGE
A4: 2023 JAN-DEC DISC 90 | B4: =B3 -> 46121 | C4: =C3 -> 46127 | D4: 3281 | E4: 337 | F4: 4 | G4: 1 | H4: 80994 | I4: DISNEY | J4: 83381195 | K4: SSTEAMUP | L4: SS T-SHIRT TEAM UP PRINCESS AURORA 66050100PRN SSTEAMUP:PASTEL PURPLE:11-12:GRAPHIC:SS T-SHIRT | M4: 189900 | N4: 0.9 | O4: =M4-((90*M4)/100) -> 18990 | P4: PERCENTAGE
A5: 2023 JAN-DEC DISC 90 | B5: =B4 -> 46121 | C5: =C4 -> 46127 | D5: 3281 | E5: 337 | F5: 4 | G5: 1 | H5: 80994 | I5: DISNEY | J5: 83381202 | K5: SSTEAMUP | L5: SS T-SHIRT TEAM UP PRINCESS AURORA 66050100PRN SSTEAMUP:PASTEL PURPLE:13-14:GRAPHIC:SS T-SHIRT | M5: 189900 | N5: 0.9 | O5: =M5-((90*M5)/100) -> 18990 | P5: PERCENTAGE
A6: 2023 JAN-DEC DISC 90 | B6: =B5 -> 46121 | C6: =C5 -> 46127 | D6: 3281 | E6: 337 | F6: 4 | G6: 1 | H6: 80994 | I6: DISNEY | J6: 83381220 | K6: SSSWPRN | L6: SS T-SHIRT CUT N SEWN PRINCESS SNOW WHITE 66050100PRN SSSWPRN:PASTEL PINK:9-10:GRAPHIC:SS T-SHIRT | M6: 189900 | N6: 0.9 | O6: =M6-((90*M6)/100) -> 18990 | P6: PERCENTAGE
A7: 2023 JAN-DEC DISC 90 | B7: =B6 -> 46121 | C7: =C6 -> 46127 | D7: 3281 | E7: 337 | F7: 4 | G7: 1 | H7: 80994 | I7: DISNEY | J7: 83381239 | K7: SSSWPRN | L7: SS T-SHIRT CUT N SEWN PRINCESS SNOW WHITE 66050100PRN SSSWPRN:PASTEL PINK:11-12:GRAPHIC:SS T-SHIRT | M7: 189900 | N7: 0.9 | O7: =M7-((90*M7)/100) -> 18990 | P7: PERCENTAGE
A8: 2023 JAN-DEC DISC 90 | B8: =B7 -> 46121 | C8: =C7 -> 46127 | D8: 3281 | E8: 337 | F8: 4 | G8: 1 | H8: 80994 | I8: DISNEY | J8: 83381248 | K8: SSSWPRN | L8: SS T-SHIRT CUT N SEWN PRINCESS SNOW WHITE 66050100PRN SSSWPRN:PASTEL PINK:13-14:GRAPHIC:SS T-SHIRT | M8: 189900 | N8: 0.9 | O8: =M8-((90*M8)/100) -> 18990 | P8: PERCENTAGE
A9: 2023 JAN-DEC DISC 90 | B9: =B8 -> 46121 | C9: =C8 -> 46127 | D9: 3281 | E9: 337 | F9: 4 | G9: 1 | H9: 850 | I9: DISNEY | J9: 83381373 | K9: TSMGFZA | L9: SS T-SHIRT FROZEN ELSA 66050100FZA TSMGFZA:PASTEL PURPLE:5-6:GRAPHIC:SS T-SHIRT | M9: 129900 | N9: 0.9 | O9: =M9-((90*M9)/100) -> 12990 | P9: PERCENTAGE
A10: 2023 JAN-DEC DISC 90 | B10: =B9 -> 46121 | C10: =C9 -> 46127 | D10: 3281 | E10: 337 | F10: 4 | G10: 1 | H10: 850 | I10: DISNEY | J10: 83381408 | K10: TSMGFZA | L10: SS T-SHIRT FROZEN ELSA 66050100FZA TSMGFZA:PASTEL PURPLE:11-12:GRAPHIC:SS T-SHIRT | M10: 129900 | N10: 0.9 | O10: =M10-((90*M10)/100) -> 12990 | P10: PERCENTAGE
A11: 2023 JAN-DEC DISC 90 | B11: =B10 -> 46121 | C11: =C10 -> 46127 | D11: 3281 | E11: 337 | F11: 4 | G11: 1 | H11: 850 | I11: DISNEY | J11: 86446324 | K11: TSMGMARIE | L11: SS T-SHIRT RENDA MARIE TSMGMARIE:PASTEL ORANGE:5-6:GRAPHIC:SS T-SHIRT | M11: 129900 | N11: 0.9 | O11: =M11-((90*M11)/100) -> 12990 | P11: PERCENTAGE
A12: 2023 JAN-DEC DISC 90 | B12: =B11 -> 46121 | C12: =C11 -> 46127 | D12: 3281 | E12: 337 | F12: 4 | G12: 1 | H12: 850 | I12: DISNEY | J12: 86446333 | K12: TSMGMARIE | L12: SS T-SHIRT RENDA MARIE TSMGMARIE:PASTEL ORANGE:7-8:GRAPHIC:SS T-SHIRT | M12: 129900 | N12: 0.9 | O12: =M12-((90*M12)/100) -> 12990 | P12: PERCENTAGE
A13: 2023 JAN-DEC DISC 90 | B13: =B12 -> 46121 | C13: =C12 -> 46127 | D13: 3281 | E13: 337 | F13: 4 | G13: 1 | H13: 850 | I13: DISNEY | J13: 86446342 | K13: TSMGMARIE | L13: SS T-SHIRT RENDA MARIE TSMGMARIE:PASTEL ORANGE:9-10:GRAPHIC:SS T-SHIRT | M13: 129900 | N13: 0.9 | O13: =M13-((90*M13)/100) -> 12990 | P13: PERCENTAGE
A14: 2023 JAN-DEC DISC 90 | B14: =B13 -> 46121 | C14: =C13 -> 46127 | D14: 3281 | E14: 337 | F14: 4 | G14: 1 | H14: 850 | I14: DISNEY | J14: 86446351 | K14: TSMGMARIE | L14: SS T-SHIRT RENDA MARIE TSMGMARIE:PASTEL ORANGE:11-12:GRAPHIC:SS T-SHIRT | M14: 129900 | N14: 0.9 | O14: =M14-((90*M14)/100) -> 12990 | P14: PERCENTAGE
... A228: 2023 JAN-DEC DISC 90 | B228: =B227 -> 46121 | C228: =C227 -> 46127 | D228: 3281 | E228: 337 | F228: 4 | G228: 5 | H228: 81506 | I228: DISNEY | J228: 87434460 | K228: DSCOSFZA | L228: SS MIDI DRESS COSTUME FROZEN DSCOSFZA:PASTEL BLUE:3-4:GRAPHIC:SS MIDI DRESS | M228: 299900 | N228: 0.9 | O228: =M228-((90*M228)/100) -> 29990 | P228: PERCENTAGE

Sheet 2022 ALL D90 - 3281
A1: ACARA | B1: FROM DATE | C1: TO DATE | D1: DEPT | E1: WORLD | F1: DIVISION | G1: CLASS | H1: SUPPLIER | I1: BRAND | J1: SKU | K1: ARTICLE | L1: DESCRIPTION | M1: HARGA NORMAL | N1: DISKON | O1: HARGA PROMO | P1: DISCOUNT TYPE
A2: 2022 ALL D90 | B2: ='2025 HILITE D80 - 3321'!B2 -> 46121 | C2: ='2025 HILITE D80 - 3321'!C2 -> 46127 | D2: 3281 | E2: 337 | F2: 4 | G2: 1 | H2: 81419 | I2: DISNEY | J2: 63556703 | K2: SSWINFZA | L2: SS T-SHIRT WINTERTIDE FROZEN LENGAN PITA 66050100F:PASTEL ORAN:7-8:GRAPHIC:SS T-SHIRT | M2: 159900 | N2: 0.9 | O2: =M2-((90*M2)/100) -> 15990 | P2: PERCENTAGE
A3: 2022 ALL D90 | B3: =B2 -> 46121 | C3: =C2 -> 46127 | D3: 3281 | E3: 337 | F3: 4 | G3: 1 | H3: 81419 | I3: DISNEY | J3: 63556712 | K3: SSWINFZA | L3: SS T-SHIRT WINTERTIDE FROZEN LENGAN PITA 66050100F:PASTEL ORAN:9-10:GRAPHIC:SS T-SHIRT | M3: 159900 | N3: 0.9 | O3: =M3-((90*M3)/100) -> 15990 | P3: PERCENTAGE
A4: 2022 ALL D90 | B4: =B3 -> 46121 | C4: =C3 -> 46127 | D4: 3281 | E4: 337 | F4: 4 | G4: 1 | H4: 81419 | I4: DISNEY | J4: 63556721 | K4: SSWINFZA | L4: SS T-SHIRT WINTERTIDE FROZEN LENGAN PITA 66050100F:PASTEL ORAN:11-12:GRAPHIC:SS T-SHIRT | M4: 159900 | N4: 0.9 | O4: =M4-((90*M4)/100) -> 15990 | P4: PERCENTAGE
A5: 2022 ALL D90 | B5: =B4 -> 46121 | C5: =C4 -> 46127 | D5: 3281 | E5: 337 | F5: 4 | G5: 1 | H5: 81419 | I5: DISNEY | J5: 63556730 | K5: SSWINFZA | L5: SS T-SHIRT WINTERTIDE FROZEN LENGAN PITA 66050100F:PASTEL ORAN:13-14:GRAPHIC:SS T-SHIRT | M5: 159900 | N5: 0.9 | O5: =M5-((90*M5)/100) -> 15990 | P5: PERCENTAGE
A6: 2022 ALL D90 | B6: =B5 -> 46121 | C6: =C5 -> 46127 | D6: 3281 | E6: 337 | F6: 4 | G6: 1 | H6: 81419 | I6: DISNEY | J6: 63559344 | K6: SSFFFZA1 | L6: SS T-SHIRT TOD FALL FESTIVAL FROZEN 1 66050100FZA SSFFFZA1:PASTEL PU:7-8:GRAPHIC:SS T-SHIR | M6: 159900 | N6: 0.9 | O6: =M6-((90*M6)/100) -> 15990 | P6: PERCENTAGE
A7: 2022 ALL D90 | B7: =B6 -> 46121 | C7: =C6 -> 46127 | D7: 3281 | E7: 337 | F7: 4 | G7: 1 | H7: 81419 | I7: DISNEY | J7: 63559353 | K7: SSFFFZA1 | L7: SS T-SHIRT TOD FALL FESTIVAL FROZEN 1 66050100FZA SSFFFZA1:PASTEL PU:9-10:GRAPHIC:SS T-SHIR | M7: 159900 | N7: 0.9 | O7: =M7-((90*M7)/100) -> 15990 | P7: PERCENTAGE
A8: 2022 ALL D90 | B8: =B7 -> 46121 | C8: =C7 -> 46127 | D8: 3281 | E8: 337 | F8: 4 | G8: 1 | H8: 81419 | I8: DISNEY | J8: 63559362 | K8: SSFFFZA1 | L8: SS T-SHIRT TOD FALL FESTIVAL FROZEN 1 66050100FZA SSFFFZA1:PASTEL PU:11-12:GRAPHIC:SS T-SHIR | M8: 159900 | N8: 0.9 | O8: =M8-((90*M8)/100) -> 15990 | P8: PERCENTAGE
A9: 2022 ALL D90 | B9: =B8 -> 46121 | C9: =C8 -> 46127 | D9: 3281 | E9: 337 | F9: 4 | G9: 1 | H9: 81419 | I9: DISNEY | J9: 63559371 | K9: SSFFFZA1 | L9: SS T-SHIRT TOD FALL FESTIVAL FROZEN 1 66050100FZA SSFFFZA1:PASTEL PU:13-14:GRAPHIC:SS T-SHIR | M9: 159900 | N9: 0.9 | O9: =M9-((90*M9)/100) -> 15990 | P9: PERCENTAGE
A10: 2022 ALL D90 | B10: =B9 -> 46121 | C10: =C9 -> 46127 | D10: 3281 | E10: 337 | F10: 4 | G10: 1 | H10: 81419 | I10: DISNEY | J10: 67566196 | K10: TSTDMIN | L10: SS T-SHIRT TIE DYE ELECTRIC JEWEL TSTDMIN:PASTEL PINK:9-10:OMBRE:SS T-SHIRT | M10: 159900 | N10: 0.9 | O10: =M10-((90*M10)/100) -> 15990 | P10: PERCENTAGE
A11: 2022 ALL D90 | B11: =B10 -> 46121 | C11: =C10 -> 46127 | D11: 3281 | E11: 337 | F11: 4 | G11: 1 | H11: 81419 | I11: DISNEY | J11: 67566203 | K11: TSTDMIN | L11: SS T-SHIRT TIE DYE ELECTRIC JEWEL TSTDMIN:PASTEL PINK:11-12:OMBRE:SS T-SHIRT | M11: 159900 | N11: 0.9 | O11: =M11-((90*M11)/100) -> 15990 | P11: PERCENTAGE
A12: 2022 ALL D90 | B12: =B11 -> 46121 | C12: =C11 -> 46127 | D12: 3281 | E12: 337 | F12: 4 | G12: 1 | H12: 81419 | I12: DISNEY | J12: 67566212 | K12: TSTDMIN | L12: SS T-SHIRT TIE DYE ELECTRIC JEWEL TSTDMIN:PASTEL PINK:13-14:OMBRE:SS T-SHIRT | M12: 159900 | N12: 0.9 | O12: =M12-((90*M12)/100) -> 15990 | P12: PERCENTAGE
A13: 2022 ALL D90 | B13: =B12 -> 46121 | C13: =C12 -> 46127 | D13: 3281 | E13: 337 | F13: 4 | G13: 1 | H13: 81379 | I13: DISNEY | J13: 60927273 | K13: TSTDSKT1 | L13: SS T-SHIRT TIE DYE MINNIE SKATE 1 66050100MIN TSTDSKT1:PASTEL PUR:7-8:GRAPHIC:SS T-SHIRT | M13: 139900 | N13: 0.9 | O13: =M13-((90*M13)/100) -> 13990 | P13: PERCENTAGE
A14: 2022 ALL D90 | B14: =B13 -> 46121 | C14: =C13 -> 46127 | D14: 3281 | E14: 337 | F14: 4 | G14: 1 | H14: 81379 | I14: DISNEY | J14: 60927282 | K14: TSTDSKT1 | L14: SS T-SHIRT TIE DYE MINNIE SKATE 1 66050100MIN TSTDSKT1:PASTEL PUR:9-10:GRAPHIC:SS T-SHIRT | M14: 139900 | N14: 0.9 | O14: =M14-((90*M14)/100) -> 13990 | P14: PERCENTAGE
... A297: 2022 ALL D90 | B297: =B296 -> 46121 | C297: =C296 -> 46127 | D297: 3281 | E297: 337 | F297: 4 | G297: 5 | H297: 80920 | I297: DISNEY | J297: 67275036 | K297: DSFPFZA | L297: DRESS SS TULLE FP FROZEN 66050100FZA DSFPFZA:CORAL:13-14:GRAPHIC:SS MIDI DRESS | M297: 239900 | N297: 0.9 | O297: =M297-((90*M297)/100) -> 23990 | P297: PERCENTAGE

Sheet 2021 2020 ALL D90 - 3281
A1: ACARA | B1: FROM DATE | C1: TO DATE | D1: DEPT | E1: WORLD | F1: DIVISION | G1: CLASS | H1: SUPPLIER | I1: BRAND | J1: SKU | K1: ARTICLE | L1: DESCRIPTION | M1: HARGA NORMAL | N1: DISKON | O1: HARGA PROMO | P1: DISCOUNT TYPE
A2: 2021 2020 ALL D90 | B2: ='2025 HILITE D80 - 3321'!B2 -> 46121 | C2: ='2025 HILITE D80 - 3321'!C2 -> 46127 | D2: 3281 | E2: 337 | F2: 4 | G2: 1 | H2: 81419 | I2: DISNEY | J2: 33473288 | K2: GASSMNR | L2: SS T-SHIRT OMBRE MINNIE RED RULES PITA 66050100MIN GASSMNR:CLASSIC R:7-8:GRAPHIC:SS T-SHIR | M2: 139900 | N2: 0.9 | O2: =M2-((90*M2)/100) -> 13990 | P2: PERCENTAGE
A3: 2021 2020 ALL D90 | B3: =B2 -> 46121 | C3: =C2 -> 46127 | D3: 3281 | E3: 337 | F3: 4 | G3: 1 | H3: 81419 | I3: DISNEY | J3: 33473297 | K3: GASSMNR | L3: SS T-SHIRT OMBRE MINNIE RED RULES PITA 66050100MIN GASSMNR:CLASSIC R:9-10:GRAPHIC:SS T-SHIR | M3: 139900 | N3: 0.9 | O3: =M3-((90*M3)/100) -> 13990 | P3: PERCENTAGE
A4: 2021 2020 ALL D90 | B4: =B3 -> 46121 | C4: =C3 -> 46127 | D4: 3281 | E4: 337 | F4: 4 | G4: 1 | H4: 81419 | I4: DISNEY | J4: 33473304 | K4: GASSMNR | L4: SS T-SHIRT OMBRE MINNIE RED RULES PITA 66050100MIN GASSMNR:CLASSIC R:11-12:GRAPHIC:SS T-SHIR | M4: 139900 | N4: 0.9 | O4: =M4-((90*M4)/100) -> 13990 | P4: PERCENTAGE
A5: 2021 2020 ALL D90 | B5: =B4 -> 46121 | C5: =C4 -> 46127 | D5: 3281 | E5: 337 | F5: 4 | G5: 1 | H5: 81419 | I5: DISNEY | J5: 33473313 | K5: GASSMNR | L5: SS T-SHIRT OMBRE MINNIE RED RULES PITA 66050100MIN GASSMNR:CLASSIC R:13-14:GRAPHIC:SS T-SHIR | M5: 139900 | N5: 0.9 | O5: =M5-((90*M5)/100) -> 13990 | P5: PERCENTAGE
A6: 2021 2020 ALL D90 | B6: =B5 -> 46121 | C6: =C5 -> 46127 | D6: 3281 | E6: 337 | F6: 4 | G6: 1 | H6: 81419 | I6: DISNEY | J6: 33416527 | K6: GASLMNR | L6: LS T-SHIRT MINNIE RED RULES 66050100MIN GASLMNR:CLASSIC RED:9-10:GRAPHIC:LS T-SHIRT | M6: 139900 | N6: 0.9 | O6: =M6-((90*M6)/100) -> 13990 | P6: PERCENTAGE
A7: 2021 2020 ALL D90 | B7: =B6 -> 46121 | C7: =C6 -> 46127 | D7: 3281 | E7: 337 | F7: 4 | G7: 1 | H7: 81419 | I7: DISNEY | J7: 33416536 | K7: GASLMNR | L7: LS T-SHIRT MINNIE RED RULES 66050100MIN GASLMNR:CLASSIC RED:11-12:GRAPHIC:LS T-SHIRT | M7: 139900 | N7: 0.9 | O7: =M7-((90*M7)/100) -> 13990 | P7: PERCENTAGE
A8: 2021 2020 ALL D90 | B8: =B7 -> 46121 | C8: =C7 -> 46127 | D8: 3281 | E8: 337 | F8: 4 | G8: 1 | H8: 81419 | I8: DISNEY | J8: 33416545 | K8: GASLMNR | L8: LS T-SHIRT MINNIE RED RULES 66050100MIN GASLMNR:CLASSIC RED:13-14:GRAPHIC:LS T-SHIRT | M8: 139900 | N8: 0.9 | O8: =M8-((90*M8)/100) -> 13990 | P8: PERCENTAGE
A9: 2021 2020 ALL D90 | B9: =B8 -> 46121 | C9: =C8 -> 46127 | D9: 3281 | E9: 337 | F9: 4 | G9: 1 | H9: 81146 | I9: DISNEY | J9: 26269585 | K9: 2TKMEC1 | L9: SS T-SHIRT MINNIE RAINBOW 2TKMEC1:OFF WHITE:S:GRAPHIC:SS T-SHIRT | M9: 129900 | N9: 0.9 | O9: =M9-((90*M9)/100) -> 12990 | P9: PERCENTAGE
A10: 2021 2020 ALL D90 | B10: =B9 -> 46121 | C10: =C9 -> 46127 | D10: 3281 | E10: 337 | F10: 4 | G10: 1 | H10: 81146 | I10: DISNEY | J10: 26269594 | K10: 2TKMEC1 | L10: SS T-SHIRT MINNIE RAINBOW 2TKMEC1:OFF WHITE:M:GRAPHIC:SS T-SHIRT | M10: 129900 | N10: 0.9 | O10: =M10-((90*M10)/100) -> 12990 | P10: PERCENTAGE
A11: 2021 2020 ALL D90 | B11: =B10 -> 46121 | C11: =C10 -> 46127 | D11: 3281 | E11: 337 | F11: 4 | G11: 1 | H11: 81146 | I11: DISNEY | J11: 26269610 | K11: 2TKMEC1 | L11: SS T-SHIRT MINNIE RAINBOW 2TKMEC1:OFF WHITE:5-6:GRAPHIC:SS T-SHIRT | M11: 129900 | N11: 0.9 | O11: =M11-((90*M11)/100) -> 12990 | P11: PERCENTAGE
A12: 2021 2020 ALL D90 | B12: =B11 -> 46121 | C12: =C11 -> 46127 | D12: 3281 | E12: 337 | F12: 4 | G12: 1 | H12: 81146 | I12: DISNEY | J12: 26269629 | K12: 2TKMEC1 | L12: SS T-SHIRT MINNIE RAINBOW 2TKMEC1:OFF WHITE:7-8:GRAPHIC:SS T-SHIRT | M12: 129900 | N12: 0.9 | O12: =M12-((90*M12)/100) -> 12990 | P12: PERCENTAGE
A13: 2021 2020 ALL D90 | B13: =B12 -> 46121 | C13: =C12 -> 46127 | D13: 3281 | E13: 337 | F13: 4 | G13: 1 | H13: 81146 | I13: DISNEY | J13: 26334601 | K13: 2TKMEC2 | L13: SS T-SHIRT MINNIE FULL PRINT 2TKMEC2:PASTEL PINK:M:PRINT:SS T-SHIRT | M13: 129900 | N13: 0.9 | O13: =M13-((90*M13)/100) -> 12990 | P13: PERCENTAGE
A14: 2021 2020 ALL D90 | B14: =B13 -> 46121 | C14: =C13 -> 46127 | D14: 3281 | E14: 337 | F14: 4 | G14: 1 | H14: 81146 | I14: DISNEY | J14: 26334638 | K14: 2TKMEC2 | L14: SS T-SHIRT MINNIE FULL PRINT 2TKMEC2:PASTEL PINK:7-8:PRINT:SS T-SHIRT | M14: 129900 | N14: 0.9 | O14: =M14-((90*M14)/100) -> 12990 | P14: PERCENTAGE
... A257: 2021 2020 ALL D90 | B257: =B256 -> 46121 | C257: =C256 -> 46127 | D257: 3281 | E257: 337 | F257: 4 | G257: 6 | H257: 81427 | I257: DISNEY | J257: 24377284 | K257: TSTRI4 | L257: 66050100OMK TS SS 20S TWIST MARVEL GLITTER:CLASSIC YELLOW:15-16 | M257: 5000 | N257: 0.9 | O257: =M257-((90*M257)/100) -> 500 | P257: PERCENTAGE

Sheet 2019 ALL D95 - 3281
A1: ACARA | B1: FROM DATE | C1: TO DATE | D1: DEPT | E1: WORLD | F1: DIVISION | G1: CLASS | H1: SUPPLIER | I1: BRAND | J1: SKU | K1: ARTICLE | L1: DESCRIPTION | M1: HARGA NORMAL | N1: DISKON | O1: HARGA PROMO | P1: DISCOUNT TYPE
A2: 2019 ALL D95 | B2: ='2025 HILITE D80 - 3321'!B2 -> 46121 | C2: ='2025 HILITE D80 - 3321'!C2 -> 46127 | D2: 3281 | E2: 337 | F2: 4 | G2: 1 | H2: 80930 | I2: DISNEY | J2: 24606142 | K2: TSAPL2 | L2: 66050100FZA TS SS FULL PRINT FROZEN:OFF WHITE:11-12 | M2: 159900 | N2: 0.95 | O2: =M2-((95*M2)/100) -> 7995 | P2: PERCENTAGE
A3: 2019 ALL D95 | B3: =B2 -> 46121 | C3: =C2 -> 46127 | D3: 3281 | E3: 337 | F3: 4 | G3: 1 | H3: 80930 | I3: DISNEY | J3: 24606151 | K3: TSAPL2 | L3: 66050100FZA TS SS FULL PRINT FROZEN:OFF WHITE:13-14 | M3: 159900 | N3: 0.95 | O3: =M3-((95*M3)/100) -> 7995 | P3: PERCENTAGE
A4: 2019 ALL D95 | B4: =B3 -> 46121 | C4: =C3 -> 46127 | D4: 3281 | E4: 337 | F4: 4 | G4: 1 | H4: 80930 | I4: DISNEY | J4: 24606160 | K4: 2TSAPL3 | L4: 66030100FRZ LS FP FROZEN II MOVIE:CLASSIC BLUE:S | M4: 159900 | N4: 0.95 | O4: =M4-((95*M4)/100) -> 7995 | P4: PERCENTAGE
A5: 2019 ALL D95 | B5: =B4 -> 46121 | C5: =C4 -> 46127 | D5: 3281 | E5: 337 | F5: 4 | G5: 1 | H5: 81421 | I5: DISNEY | J5: 22662497 | K5: MIN02D | L5: LS MINNIE DOT WARNA:SALMON:XL | M5: 139900 | N5: 0.95 | O5: =M5-((95*M5)/100) -> 6995 | P5: PERCENTAGE
A6: 2019 ALL D95 | B6: =B5 -> 46121 | C6: =C5 -> 46127 | D6: 3281 | E6: 337 | F6: 4 | G6: 1 | H6: 81421 | I6: DISNEY | J6: 22719079 | K6: MICHEN3 | L6: MICKEY90 KRAH HENLEY:CLASSIC BLUE:S | M6: 119900 | N6: 0.95 | O6: =M6-((95*M6)/100) -> 5995 | P6: PERCENTAGE
A7: 2019 ALL D95 | B7: =B6 -> 46121 | C7: =C6 -> 46127 | D7: 3281 | E7: 337 | F7: 4 | G7: 1 | H7: 81421 | I7: DISNEY | J7: 22719284 | K7: MICRF5 | L7: MICKEY90 TS RAFFLE TALI:WHITE:S | M7: 119900 | N7: 0.95 | O7: =M7-((95*M7)/100) -> 5995 | P7: PERCENTAGE
A8: 2019 ALL D95 | B8: =B7 -> 46121 | C8: =C7 -> 46127 | D8: 3281 | E8: 337 | F8: 4 | G8: 1 | H8: 81421 | I8: DISNEY | J8: 22719293 | K8: MICRF5 | L8: MICKEY90 TS RAFFLE TALI:WHITE:M | M8: 119900 | N8: 0.95 | O8: =M8-((95*M8)/100) -> 5995 | P8: PERCENTAGE
A9: 2019 ALL D95 | B9: =B8 -> 46121 | C9: =C8 -> 46127 | D9: 3281 | E9: 337 | F9: 4 | G9: 1 | H9: 80920 | I9: DISNEY | J9: 21267318 | K9: TSUM03 | L9: SH TSUM TSUM KOMB:OFF WHITE:5-6 | M9: 169900 | N9: 0.95 | O9: =M9-((95*M9)/100) -> 8495 | P9: PERCENTAGE
A10: 2019 ALL D95 | B10: =B9 -> 46121 | C10: =C9 -> 46127 | D10: 3281 | E10: 337 | F10: 4 | G10: 1 | H10: 80920 | I10: DISNEY | J10: 23731339 | K10: TKPRM4MI | L10: LS RAGLAN MINNIE CALIFORNIA VIBES:PEPPERMINT:5-6 | M10: 139900 | N10: 0.95 | O10: =M10-((95*M10)/100) -> 6995 | P10: PERCENTAGE
A11: 2019 ALL D95 | B11: =B10 -> 46121 | C11: =C10 -> 46127 | D11: 3281 | E11: 337 | F11: 4 | G11: 1 | H11: 80920 | I11: DISNEY | J11: 23731446 | K11: TKPRM4PK | L11: LS RAGLAN MINNIE CALIFORNIA VIBES:PASTEL PINK:15-16 | M11: 139900 | N11: 0.95 | O11: =M11-((95*M11)/100) -> 6995 | P11: PERCENTAGE
A12: 2019 ALL D95 | B12: =B11 -> 46121 | C12: =C11 -> 46127 | D12: 3281 | E12: 337 | F12: 4 | G12: 1 | H12: 80920 | I12: DISNEY | J12: 24003776 | K12: TKPRM7OFF | L12: 66030100 TS SS DUMBO FULL PRINT STARS:OFF WHITE:S | M12: 99900 | N12: 0.95 | O12: =M12-((95*M12)/100) -> 4995 | P12: PERCENTAGE
A13: 2019 ALL D95 | B13: =B12 -> 46121 | C13: =C12 -> 46127 | D13: 3281 | E13: 337 | F13: 4 | G13: 1 | H13: 80920 | I13: DISNEY | J13: 24003794 | K13: TKPRM7OFF | L13: 66030100 TS SS DUMBO FULL PRINT STARS:OFF WHITE:L | M13: 99900 | N13: 0.95 | O13: =M13-((95*M13)/100) -> 4995 | P13: PERCENTAGE
A14: 2019 ALL D95 | B14: =B13 -> 46121 | C14: =C13 -> 46127 | D14: 3281 | E14: 337 | F14: 4 | G14: 1 | H14: 80920 | I14: DISNEY | J14: 24124467 | K14: TKPRM5MIN | L14: 66050100min TS SS FEELING TOTALLY AMAZING:PEPPERMINT:15-16 | M14: 149900 | N14: 0.95 | O14: =M14-((95*M14)/100) -> 7495 | P14: PERCENTAGE
... A73: 2019 ALL D95 | B73: =B72 -> 46121 | C73: =C72 -> 46127 | D73: 3281 | E73: 337 | F73: 4 | G73: 10 | H73: 81427 | I73: DISNEY | J73: 23733506 | K73: DRTRS1 | L73: DRESS CAPTAIN MARVEL FOIL:MAROON:15-16 | M73: 10000 | N73: 0.95 | O73: =M73-((95*M73)/100) -> 500 | P73: PERCENTAGE

Sheet 2026 JAN-APR SP -3284
A1: ACARA | B1: FROM DATE | C1: TO DATE | D1: DEPT | E1: WORLD | F1: DIVISION | G1: CLASS | H1: SUPPLIER | I1: BRAND | J1: SKU | K1: ARTICLE | L1: DESCRIPTION | M1: HARGA NORMAL | N1: DISKON | O1: HARGA PROMO | P1: DISCOUNT TYPE
A2: 2026 JAN-APR SHARP PRICE | B2: ='2025 HILITE D80 - 3321'!B6 -> 46121 | C2: ='2025 HILITE D80 - 3321'!C6 -> 46127 | D2: 3284 | E2: 338 | F2: 4 | G2: 8 | H2: 81506 | I2: CHARACTER | J2: 69383924 | K2: SETWVCN1 | L2: TOP - BOTTOM SET WOVEN BALON CINNAMOROLL SETWVCN1:LIGHT BLUE:6-12:GRAPHIC:TOP - BOTTOM SET | M2: 149900 | N2: 0 | O2: SHARP PRICE | P2: AMOUNT
A3: =A2 -> 2026 JAN-APR SHARP PRICE | B3: =B2 -> 46121 | C3: =C2 -> 46127 | D3: 3284 | E3: 338 | F3: 4 | G3: 8 | H3: 81506 | I3: CHARACTER | J3: 69383933 | K3: SETWVCN1 | L3: TOP - BOTTOM SET WOVEN BALON CINNAMOROLL SETWVCN1:LIGHT BLUE:12-18:GRAPHIC:TOP - BOTTOM SET | M3: 149900 | N3: 0 | O3: SHARP PRICE | P3: AMOUNT
A4: =A3 -> 2026 JAN-APR SHARP PRICE | B4: =B3 -> 46121 | C4: =C3 -> 46127 | D4: 3284 | E4: 338 | F4: 4 | G4: 8 | H4: 81506 | I4: CHARACTER | J4: 69383942 | K4: SETWVCN1 | L4: TOP - BOTTOM SET WOVEN BALON CINNAMOROLL SETWVCN1:LIGHT BLUE:18-24:GRAPHIC:TOP - BOTTOM SET | M4: 149900 | N4: 0 | O4: SHARP PRICE | P4: AMOUNT
A5: =A4 -> 2026 JAN-APR SHARP PRICE | B5: =B4 -> 46121 | C5: =C4 -> 46127 | D5: 3284 | E5: 338 | F5: 4 | G5: 8 | H5: 81506 | I5: CHARACTER | J5: 69383951 | K5: SETWVCN1 | L5: TOP - BOTTOM SET WOVEN BALON CINNAMOROLL SETWVCN1:LIGHT BLUE:24-36:GRAPHIC:TOP - BOTTOM SET | M5: 149900 | N5: 0 | O5: SHARP PRICE | P5: AMOUNT
A6: =A5 -> 2026 JAN-APR SHARP PRICE | B6: =B5 -> 46121 | C6: =C5 -> 46127 | D6: 3284 | E6: 338 | F6: 4 | G6: 8 | H6: 81005 | I6: CHARACTER | J6: 70637853 | K6: TNJSSOV | L6: SHORT JUMPSUIT OVERALL TOM AND JERRY TNJSSOV:LIGHT BLUE:6-12:GRAPHIC:SHORT JUMPSUIT | M6: 149900 | N6: 0 | O6: SHARP PRICE | P6: AMOUNT
A7: =A6 -> 2026 JAN-APR SHARP PRICE | B7: =B6 -> 46121 | C7: =C6 -> 46127 | D7: 3284 | E7: 338 | F7: 4 | G7: 8 | H7: 81005 | I7: CHARACTER | J7: 70637862 | K7: TNJSSOV | L7: SHORT JUMPSUIT OVERALL TOM AND JERRY TNJSSOV:LIGHT BLUE:12-18:GRAPHIC:SHORT JUMPSUIT | M7: 149900 | N7: 0 | O7: SHARP PRICE | P7: AMOUNT
A8: =A7 -> 2026 JAN-APR SHARP PRICE | B8: =B7 -> 46121 | C8: =C7 -> 46127 | D8: 3284 | E8: 338 | F8: 4 | G8: 8 | H8: 81005 | I8: CHARACTER | J8: 70637871 | K8: TNJSSOV | L8: SHORT JUMPSUIT OVERALL TOM AND JERRY TNJSSOV:LIGHT BLUE:18-24:GRAPHIC:SHORT JUMPSUIT | M8: 149900 | N8: 0 | O8: SHARP PRICE | P8: AMOUNT
A9: =A8 -> 2026 JAN-APR SHARP PRICE | B9: =B8 -> 46121 | C9: =C8 -> 46127 | D9: 3284 | E9: 338 | F9: 4 | G9: 8 | H9: 81005 | I9: CHARACTER | J9: 70637880 | K9: TNJSSOV | L9: SHORT JUMPSUIT OVERALL TOM AND JERRY TNJSSOV:LIGHT BLUE:24-36:GRAPHIC:SHORT JUMPSUIT | M9: 149900 | N9: 0 | O9: SHARP PRICE | P9: AMOUNT
A10: =A9 -> 2026 JAN-APR SHARP PRICE | B10: =B9 -> 46121 | C10: =C9 -> 46127 | D10: 3284 | E10: 338 | F10: 4 | G10: 8 | H10: 81005 | I10: CHARACTER | J10: 69383960 | K10: SETWVCN2 | L10: TOP - BOTTOM SET LS WOVEN CINNAMOROLL SETWVCN2:NAVY BLUE:6-12:PRINT:TOP - BOTTOM SET | M10: 179900 | N10: 0 | O10: SHARP PRICE | P10: AMOUNT
A11: =A10 -> 2026 JAN-APR SHARP PRICE | B11: =B10 -> 46121 | C11: =C10 -> 46127 | D11: 3284 | E11: 338 | F11: 4 | G11: 8 | H11: 81005 | I11: CHARACTER | J11: 69383979 | K11: SETWVCN2 | L11: TOP - BOTTOM SET LS WOVEN CINNAMOROLL SETWVCN2:NAVY BLUE:12-18:PRINT:TOP - BOTTOM SET | M11: 179900 | N11: 0 | O11: SHARP PRICE | P11: AMOUNT
A12: =A11 -> 2026 JAN-APR SHARP PRICE | B12: =B11 -> 46121 | C12: =C11 -> 46127 | D12: 3284 | E12: 338 | F12: 4 | G12: 8 | H12: 81005 | I12: CHARACTER | J12: 69383988 | K12: SETWVCN2 | L12: TOP - BOTTOM SET LS WOVEN CINNAMOROLL SETWVCN2:NAVY BLUE:18-24:PRINT:TOP - BOTTOM SET | M12: 179900 | N12: 0 | O12: SHARP PRICE | P12: AMOUNT
A13: =A12 -> 2026 JAN-APR SHARP PRICE | B13: =B12 -> 46121 | C13: =C12 -> 46127 | D13: 3284 | E13: 338 | F13: 4 | G13: 8 | H13: 81005 | I13: CHARACTER | J13: 69383997 | K13: SETWVCN2 | L13: TOP - BOTTOM SET LS WOVEN CINNAMOROLL SETWVCN2:NAVY BLUE:24-36:PRINT:TOP - BOTTOM SET | M13: 179900 | N13: 0 | O13: SHARP PRICE | P13: AMOUNT
A14: =A13 -> 2026 JAN-APR SHARP PRICE | B14: =B13 -> 46121 | C14: =C13 -> 46127 | D14: 3284 | E14: 338 | F14: 4 | G14: 8 | H14: 81005 | I14: CHARACTER | J14: 69384003 | K14: JS126MM | L14: SHORT JUMPSUIT WOVEN MY MELODY JS126MM:PASTEL PINK:6-12:GRAPHIC:SHORT JUMPSUIT | M14: 149900 | N14: 0 | O14: SHARP PRICE | P14: AMOUNT
... A25: =A24 -> 2026 JAN-APR SHARP PRICE | B25: =B24 -> 46121 | C25: =C24 -> 46127 | D25: 3284 | E25: 338 | F25: 4 | G25: 8 | H25: 81847 | I25: CHARACTER | J25: 70875391 | K25: SETSSTNJ | L25: TOP - BOTTOM SET SS TOM AND JERRY SETSSTNJ:KHAKI:24-36:EMBRO:TOP - BOTTOM SET | M25: 129900 | N25: 0 | O25: SHARP PRICE | P25: AMOUNT

Sheet 2025 NOV D30 -3284
A1: ACARA | B1: FROM DATE | C1: TO DATE | D1: DEPT | E1: WORLD | F1: DIVISION | G1: CLASS | H1: SUPPLIER | I1: BRAND | J1: SKU | K1: ARTICLE | L1: DESCRIPTION | M1: HARGA NORMAL | N1: DISKON | O1: HARGA PROMO | P1: DISCOUNT TYPE
A2: 2025 NOV DISC 30% | B2: ='2025 HILITE D80 - 3321'!B2 -> 46121 | C2: ='2025 HILITE D80 - 3321'!C2 -> 46127 | D2: 3284 | E2: 338 | F2: 4 | G2: 8 | H2: 81847 | I2: CHARACTER | J2: 59174151 | K2: OVSSPSB | L2: SHORT JUMPSUIT OVERALL SS SPONGEBOB SP OVSSPSB:CLASSIC BLUE:0-3:PRINT:SHORT JUMPSUIT | M2: 149900 | N2: 0.3 | O2: =M2-((30*M2)/100) -> 104930 | P2: PERCENTAGE
A3: =A2 -> 2025 NOV DISC 30% | B3: =B2 -> 46121 | C3: =C2 -> 46127 | D3: 3284 | E3: 338 | F3: 4 | G3: 8 | H3: 81847 | I3: CHARACTER | J3: 59174160 | K3: OVSSPSB | L3: SHORT JUMPSUIT OVERALL SS SPONGEBOB SP OVSSPSB:CLASSIC BLUE:3-6:PRINT:SHORT JUMPSUIT | M3: 149900 | N3: 0.3 | O3: =M3-((30*M3)/100) -> 104930 | P3: PERCENTAGE
A4: =A3 -> 2025 NOV DISC 30% | B4: =B2 -> 46121 | C4: =C2 -> 46127 | D4: 3284 | E4: 338 | F4: 4 | G4: 8 | H4: 81847 | I4: CHARACTER | J4: 59174179 | K4: OVSSPSB | L4: SHORT JUMPSUIT OVERALL SS SPONGEBOB SP OVSSPSB:CLASSIC BLUE:6-12:PRINT:SHORT JUMPSUIT | M4: 149900 | N4: 0.3 | O4: =M4-((30*M4)/100) -> 104930 | P4: PERCENTAGE
A5: =A4 -> 2025 NOV DISC 30% | B5: =B3 -> 46121 | C5: =C3 -> 46127 | D5: 3284 | E5: 338 | F5: 4 | G5: 8 | H5: 81847 | I5: CHARACTER | J5: 59174188 | K5: OVSSPSB | L5: SHORT JUMPSUIT OVERALL SS SPONGEBOB SP OVSSPSB:CLASSIC BLUE:12-18:PRINT:SHORT JUMPSUIT | M5: 149900 | N5: 0.3 | O5: =M5-((30*M5)/100) -> 104930 | P5: PERCENTAGE
A6: =A5 -> 2025 NOV DISC 30% | B6: =B5 -> 46121 | C6: =C5 -> 46127 | D6: 3284 | E6: 338 | F6: 4 | G6: 8 | H6: 81847 | I6: CHARACTER | J6: 59174197 | K6: OVSSPSB | L6: SHORT JUMPSUIT OVERALL SS SPONGEBOB SP OVSSPSB:CLASSIC BLUE:18-24:PRINT:SHORT JUMPSUIT | M6: 149900 | N6: 0.3 | O6: =M6-((30*M6)/100) -> 104930 | P6: PERCENTAGE
A7: =A6 -> 2025 NOV DISC 30% | B7: =B6 -> 46121 | C7: =C6 -> 46127 | D7: 3284 | E7: 338 | F7: 4 | G7: 8 | H7: 81847 | I7: CHARACTER | J7: 59174106 | K7: SETSPSB | L7: TOP - BOTTOM SET SPONGEBOB SP SETSPSB:CLASSIC YELLOW:3-6:PRINT:TOP - BOTTOM SET | M7: 129900 | N7: 0.3 | O7: =M7-((30*M7)/100) -> 90930 | P7: PERCENTAGE
A8: =A7 -> 2025 NOV DISC 30% | B8: =B7 -> 46121 | C8: =C7 -> 46127 | D8: 3284 | E8: 338 | F8: 4 | G8: 8 | H8: 81847 | I8: CHARACTER | J8: 59174115 | K8: SETSPSB | L8: TOP - BOTTOM SET SPONGEBOB SP SETSPSB:CLASSIC YELLOW:6-12:PRINT:TOP - BOTTOM SET | M8: 129900 | N8: 0.3 | O8: =M8-((30*M8)/100) -> 90930 | P8: PERCENTAGE
A9: =A8 -> 2025 NOV DISC 30% | B9: =B8 -> 46121 | C9: =C8 -> 46127 | D9: 3284 | E9: 338 | F9: 4 | G9: 8 | H9: 81847 | I9: CHARACTER | J9: 59174124 | K9: SETSPSB | L9: TOP - BOTTOM SET SPONGEBOB SP SETSPSB:CLASSIC YELLOW:12-18:PRINT:TOP - BOTTOM SET | M9: 129900 | N9: 0.3 | O9: =M9-((30*M9)/100) -> 90930 | P9: PERCENTAGE
A10: =A9 -> 2025 NOV DISC 30% | B10: =B9 -> 46121 | C10: =C9 -> 46127 | D10: 3284 | E10: 338 | F10: 4 | G10: 8 | H10: 81847 | I10: CHARACTER | J10: 59174133 | K10: SETSPSB | L10: TOP - BOTTOM SET SPONGEBOB SP SETSPSB:CLASSIC YELLOW:18-24:PRINT:TOP - BOTTOM SET | M10: 129900 | N10: 0.3 | O10: =M10-((30*M10)/100) -> 90930 | P10: PERCENTAGE
A11: =A10 -> 2025 NOV DISC 30% | B11: =B10 -> 46121 | C11: =C10 -> 46127 | D11: 3284 | E11: 338 | F11: 4 | G11: 8 | H11: 81847 | I11: CHARACTER | J11: 59174142 | K11: SETSPSB | L11: TOP - BOTTOM SET SPONGEBOB SP SETSPSB:CLASSIC YELLOW:24-36:PRINT:TOP - BOTTOM SET | M11: 129900 | N11: 0.3 | O11: =M11-((30*M11)/100) -> 90930 | P11: PERCENTAGE
A12: =A11 -> 2025 NOV DISC 30% | B12: =B11 -> 46121 | C12: =C11 -> 46127 | D12: 3284 | E12: 338 | F12: 4 | G12: 8 | H12: 81847 | I12: CHARACTER | J12: 59174053 | K12: JKHSPSB | L12: JACKET HOODIE SPONGEBOB SP JKHSPSB:CLASSIC BLUE:3-6:PRINT:JACKET | M12: 149900 | N12: 0.3 | O12: =M12-((30*M12)/100) -> 104930 | P12: PERCENTAGE
A13: =A12 -> 2025 NOV DISC 30% | B13: =B12 -> 46121 | C13: =C12 -> 46127 | D13: 3284 | E13: 338 | F13: 4 | G13: 8 | H13: 81847 | I13: CHARACTER | J13: 59174062 | K13: JKHSPSB | L13: JACKET HOODIE SPONGEBOB SP JKHSPSB:CLASSIC BLUE:6-12:PRINT:JACKET | M13: 149900 | N13: 0.3 | O13: =M13-((30*M13)/100) -> 104930 | P13: PERCENTAGE
A14: =A13 -> 2025 NOV DISC 30% | B14: =B13 -> 46121 | C14: =C13 -> 46127 | D14: 3284 | E14: 338 | F14: 4 | G14: 8 | H14: 81847 | I14: CHARACTER | J14: 59174071 | K14: JKHSPSB | L14: JACKET HOODIE SPONGEBOB SP JKHSPSB:CLASSIC BLUE:12-18:PRINT:JACKET | M14: 149900 | N14: 0.3 | O14: =M14-((30*M14)/100) -> 104930 | P14: PERCENTAGE
A15: =A14 -> 2025 NOV DISC 30% | B15: =B14 -> 46121 | C15: =C14 -> 46127 | D15: 3284 | E15: 338 | F15: 4 | G15: 8 | H15: 81847 | I15: CHARACTER | J15: 59174080 | K15: JKHSPSB | L15: JACKET HOODIE SPONGEBOB SP JKHSPSB:CLASSIC BLUE:18-24:PRINT:JACKET | M15: 149900 | N15: 0.3 | O15: =M15-((30*M15)/100) -> 104930 | P15: PERCENTAGE
A16: =A15 -> 2025 NOV DISC 30% | B16: =B15 -> 46121 | C16: =C15 -> 46127 | D16: 3284 | E16: 338 | F16: 4 | G16: 8 | H16: 81847 | I16: CHARACTER | J16: 59174099 | K16: JKHSPSB | L16: JACKET HOODIE SPONGEBOB SP JKHSPSB:CLASSIC BLUE:24-36:PRINT:JACKET | M16: 149900 | N16: 0.3 | O16: =M16-((30*M16)/100) -> 104930 | P16: PERCENTAGE
A17: =A16 -> 2025 NOV DISC 30% | B17: =B16 -> 46121 | C17: =C16 -> 46127 | D17: 3284 | E17: 338 | F17: 4 | G17: 8 | H17: 81005 | I17: CHARACTER | J17: 59173894 | K17: JKH3MM | L17: JACKET HOODIE MY MELODY JKH3MM:PASTEL PINK:6-12:PRINT:JACKET | M17: 149900 | N17: 0.3 | O17: =M17-((30*M17)/100) -> 104930 | P17: PERCENTAGE
... A36: =A35 -> 2025 NOV DISC 30% | B36: =B35 -> 46121 | C36: =C35 -> 46127 | D36: 3284 | E36: 338 | F36: 4 | G36: 8 | H36: 81005 | I36: CHARACTER | J36: 68155913 | K36: DSOPAW | L36: SS MINI DRESS OVERALL DNM PAW PATROL DSOPAW:LIGHT BLUE:24-36:GRAPHIC:SS MINI DRESS | M36: 149900 | N36: 0.3 | O36: =M36-((30*M36)/100) -> 104930 | P36: PERCENTAGE

Sheet 2025 JULSEPT B1G1 -3284
A1: ACARA | B1: FROM DATE | C1: TO DATE | D1: DEPT | E1: WORLD | F1: DIVISION | G1: CLASS | H1: SUPPLIER | I1: BRAND | J1: SKU | K1: ARTICLE | L1: DESCRIPTION | M1: HARGA NORMAL | N1: DISKON | O1: HARGA PROMO | P1: DISCOUNT TYPE
A2: 2025 JUL-SEPT B1G1 - 3284 | B2: ='2025 HILITE D80 - 3321'!B2 -> 46121 | C2: ='2025 HILITE D80 - 3321'!C2 -> 46127 | D2: 3284 | E2: 338 | F2: 4 | G2: 8 | H2: 81005 | I2: DISNEY | J2: 59174017 | K2: DS3KU | L2: SS MIDI DRESS OVERALL KUROMI DS3KU:PASTEL PURPLE:6-12:PRINT:SS MIDI DRESS | M2: 149900 | N2: BXGY | O2: B1G1 | P2: BXGY
A3: =A2 -> 2025 JUL-SEPT B1G1 - 3284 | B3: =B2 -> 46121 | C3: =C2 -> 46127 | D3: 3284 | E3: 338 | F3: 4 | G3: 8 | H3: 81005 | I3: DISNEY | J3: 59174026 | K3: DS3KU | L3: SS MIDI DRESS OVERALL KUROMI DS3KU:PASTEL PURPLE:12-18:PRINT:SS MIDI DRESS | M3: 149900 | N3: BXGY | O3: B1G1 | P3: BXGY
A4: =A3 -> 2025 JUL-SEPT B1G1 - 3284 | B4: =B3 -> 46121 | C4: =C3 -> 46127 | D4: 3284 | E4: 338 | F4: 4 | G4: 8 | H4: 81005 | I4: DISNEY | J4: 59174035 | K4: DS3KU | L4: SS MIDI DRESS OVERALL KUROMI DS3KU:PASTEL PURPLE:18-24:PRINT:SS MIDI DRESS | M4: 149900 | N4: BXGY | O4: B1G1 | P4: BXGY
A5: =A4 -> 2025 JUL-SEPT B1G1 - 3284 | B5: =B4 -> 46121 | C5: =C4 -> 46127 | D5: 3284 | E5: 338 | F5: 4 | G5: 8 | H5: 81005 | I5: DISNEY | J5: 59174044 | K5: DS3KU | L5: SS MIDI DRESS OVERALL KUROMI DS3KU:PASTEL PURPLE:24-36:PRINT:SS MIDI DRESS | M5: 149900 | N5: BXGY | O5: B1G1 | P5: BXGY
A6: =A5 -> 2025 JUL-SEPT B1G1 - 3284 | B6: =B5 -> 46121 | C6: =C5 -> 46127 | D6: 3284 | E6: 338 | F6: 4 | G6: 8 | H6: 81506 | I6: DISNEY | J6: 53585307 | K6: DSOCN | L6: SS MIDI DRESS OVERALL CINNAMOROLL DSOCN:PASTEL BLUE:6-12:PRINT:SS MIDI DRESS | M6: 149900 | N6: BXGY | O6: B1G1 | P6: BXGY
A7: =A6 -> 2025 JUL-SEPT B1G1 - 3284 | B7: =B6 -> 46121 | C7: =C6 -> 46127 | D7: 3284 | E7: 338 | F7: 4 | G7: 8 | H7: 81506 | I7: DISNEY | J7: 53585316 | K7: DSOCN | L7: SS MIDI DRESS OVERALL CINNAMOROLL DSOCN:PASTEL BLUE:12-18:PRINT:SS MIDI DRESS | M7: 149900 | N7: BXGY | O7: B1G1 | P7: BXGY
A8: =A7 -> 2025 JUL-SEPT B1G1 - 3284 | B8: =B7 -> 46121 | C8: =C7 -> 46127 | D8: 3284 | E8: 338 | F8: 4 | G8: 8 | H8: 81506 | I8: DISNEY | J8: 53585325 | K8: DSOCN | L8: SS MIDI DRESS OVERALL CINNAMOROLL DSOCN:PASTEL BLUE:18-24:PRINT:SS MIDI DRESS | M8: 149900 | N8: BXGY | O8: B1G1 | P8: BXGY
A9: =A8 -> 2025 JUL-SEPT B1G1 - 3284 | B9: =B8 -> 46121 | C9: =C8 -> 46127 | D9: 3284 | E9: 338 | F9: 4 | G9: 8 | H9: 81506 | I9: DISNEY | J9: 53585334 | K9: DSOCN | L9: SS MIDI DRESS OVERALL CINNAMOROLL DSOCN:PASTEL BLUE:24-36:PRINT:SS MIDI DRESS | M9: 149900 | N9: BXGY | O9: B1G1 | P9: BXGY
A10: =A9 -> 2025 JUL-SEPT B1G1 - 3284 | B10: =B9 -> 46121 | C10: =C9 -> 46127 | D10: 3284 | E10: 338 | F10: 4 | G10: 8 | H10: 81676 | I10: DISNEY | J10: 55538613 | K10: JOG3BAT | L10: JOGGER BATMAN JOG3BAT:NAVY BLUE:6-12:GRAPHIC:JOGGER | M10: 99900 | N10: BXGY | O10: B1G1 | P10: BXGY
A11: =A10 -> 2025 JUL-SEPT B1G1 - 3284 | B11: =B10 -> 46121 | C11: =C10 -> 46127 | D11: 3284 | E11: 338 | F11: 4 | G11: 8 | H11: 81676 | I11: DISNEY | J11: 55538622 | K11: JOG3BAT | L11: JOGGER BATMAN JOG3BAT:NAVY BLUE:12-18:GRAPHIC:JOGGER | M11: 99900 | N11: BXGY | O11: B1G1 | P11: BXGY
A12: =A11 -> 2025 JUL-SEPT B1G1 - 3284 | B12: =B11 -> 46121 | C12: =C11 -> 46127 | D12: 3284 | E12: 338 | F12: 4 | G12: 8 | H12: 81676 | I12: DISNEY | J12: 55538631 | K12: JOG3BAT | L12: JOGGER BATMAN JOG3BAT:NAVY BLUE:18-24:GRAPHIC:JOGGER | M12: 99900 | N12: BXGY | O12: B1G1 | P12: BXGY
A13: =A12 -> 2025 JUL-SEPT B1G1 - 3284 | B13: =B12 -> 46121 | C13: =C12 -> 46127 | D13: 3284 | E13: 338 | F13: 4 | G13: 8 | H13: 81676 | I13: DISNEY | J13: 55538640 | K13: JOG3BAT | L13: JOGGER BATMAN JOG3BAT:NAVY BLUE:24-36:GRAPHIC:JOGGER | M13: 99900 | N13: BXGY | O13: B1G1 | P13: BXGY
A14: =A13 -> 2025 JUL-SEPT B1G1 - 3284 | B14: =B13 -> 46121 | C14: =C13 -> 46127 | D14: 3284 | E14: 338 | F14: 4 | G14: 8 | H14: 81676 | I14: DISNEY | J14: 55538695 | K14: OV3BAT | L14: SHORT JUMPSUIT OVERALL BATMAN OV3BAT:NAVY BLUE:6-12:GRAPHIC:SHORT JUMPSUIT | M14: 129900 | N14: BXGY | O14: B1G1 | P14: BXGY
... A18: =A17 -> 2025 JUL-SEPT B1G1 - 3284 | B18: =B17 -> 46121 | C18: =C17 -> 46127 | D18: 3284 | E18: 338 | F18: 4 | G18: 8 | H18: 80942 | I18: DISNEY | J18: 59173858 | K18: OV3MM | L18: SS MIDI DRESS OVERALL MY MELODY OV3MM:PASTEL ORANGE:6-12:PRINT:SS MIDI DRESS | M18: 129900 | N18: BXGY | O18: B1G1 | P18: BXGY
A19: =A18 -> 2025 JUL-SEPT B1G1 - 3284 | B19: =B18 -> 46121 | C19: =C18 -> 46127 | D19: 3284 | E19: 338 | F19: 4 | G19: 8 | H19: 80942 | I19: DISNEY | J19: 59173867 | K19: OV3MM | L19: SS MIDI DRESS OVERALL MY MELODY OV3MM:PASTEL ORANGE:12-18:PRINT:SS MIDI DRESS | M19: 129900 | N19: BXGY | O19: =O18 -> B1G1 | P19: BXGY
A20: =A19 -> 2025 JUL-SEPT B1G1 - 3284 | B20: =B19 -> 46121 | C20: =C19 -> 46127 | D20: 3284 | E20: 338 | F20: 4 | G20: 8 | H20: 80942 | I20: DISNEY | J20: 59173876 | K20: OV3MM | L20: SS MIDI DRESS OVERALL MY MELODY OV3MM:PASTEL ORANGE:18-24:PRINT:SS MIDI DRESS | M20: 129900 | N20: BXGY | O20: =O19 -> B1G1 | P20: BXGY
A21: =A20 -> 2025 JUL-SEPT B1G1 - 3284 | B21: =B20 -> 46121 | C21: =C20 -> 46127 | D21: 3284 | E21: 338 | F21: 4 | G21: 8 | H21: 80942 | I21: DISNEY | J21: 59173885 | K21: OV3MM | L21: SS MIDI DRESS OVERALL MY MELODY OV3MM:PASTEL ORANGE:24-36:PRINT:SS MIDI DRESS | M21: 129900 | N21: BXGY | O21: =O20 -> B1G1 | P21: BXGY
A22: =A21 -> 2025 JUL-SEPT B1G1 - 3284 | B22: =B21 -> 46121 | C22: =C21 -> 46127 | D22: 3284 | E22: 338 | F22: 4 | G22: 8 | H22: 80942 | I22: DISNEY | J22: 54871175 | K22: OVSCN | L22: SHORT JUMPSUIT OVERALL SS CINNAMOROLL OVSCN:VANILLA:6-12:PRINT:SHORT JUMPSUIT | M22: 149900 | N22: BXGY | O22: =O21 -> B1G1 | P22: BXGY
A23: =A22 -> 2025 JUL-SEPT B1G1 - 3284 | B23: =B22 -> 46121 | C23: =C22 -> 46127 | D23: 3284 | E23: 338 | F23: 4 | G23: 8 | H23: 80942 | I23: DISNEY | J23: 54871184 | K23: OVSCN | L23: SHORT JUMPSUIT OVERALL SS CINNAMOROLL OVSCN:VANILLA:12-18:PRINT:SHORT JUMPSUIT | M23: 149900 | N23: BXGY | O23: =O22 -> B1G1 | P23: BXGY
A24: =A23 -> 2025 JUL-SEPT B1G1 - 3284 | B24: =B23 -> 46121 | C24: =C23 -> 46127 | D24: 3284 | E24: 338 | F24: 4 | G24: 8 | H24: 80942 | I24: DISNEY | J24: 54871193 | K24: OVSCN | L24: SHORT JUMPSUIT OVERALL SS CINNAMOROLL OVSCN:VANILLA:18-24:PRINT:SHORT JUMPSUIT | M24: 149900 | N24: BXGY | O24: =O23 -> B1G1 | P24: BXGY
A25: =A24 -> 2025 JUL-SEPT B1G1 - 3284 | B25: =B24 -> 46121 | C25: =C24 -> 46127 | D25: 3284 | E25: 338 | F25: 4 | G25: 8 | H25: 80942 | I25: DISNEY | J25: 54871200 | K25: OVSCN | L25: SHORT JUMPSUIT OVERALL SS CINNAMOROLL OVSCN:VANILLA:24-36:PRINT:SHORT JUMPSUIT | M25: 149900 | N25: BXGY | O25: =O24 -> B1G1 | P25: BXGY
A26: =A25 -> 2025 JUL-SEPT B1G1 - 3284 | B26: =B25 -> 46121 | C26: =C25 -> 46127 | D26: 3284 | E26: 338 | F26: 4 | G26: 8 | H26: 81676 | I26: DISNEY | J26: 55538659 | K26: SET3BAT | L26: TOP - BOTTOM SET BATMAN SET3BAT:PASTEL BLUE:6-12:GRAPHIC:TOP - BOTTOM SET | M26: 129900 | N26: BXGY | O26: =O25 -> B1G1 | P26: BXGY
A27: =A26 -> 2025 JUL-SEPT B1G1 - 3284 | B27: =B26 -> 46121 | C27: =C26 -> 46127 | D27: 3284 | E27: 338 | F27: 4 | G27: 8 | H27: 81676 | I27: DISNEY | J27: 55538668 | K27: SET3BAT | L27: TOP - BOTTOM SET BATMAN SET3BAT:PASTEL BLUE:12-18:GRAPHIC:TOP - BOTTOM SET | M27: 129900 | N27: BXGY | O27: =O26 -> B1G1 | P27: BXGY
A28: =A27 -> 2025 JUL-SEPT B1G1 - 3284 | B28: =B27 -> 46121 | C28: =C27 -> 46127 | D28: 3284 | E28: 338 | F28: 4 | G28: 8 | H28: 81676 | I28: DISNEY | J28: 55538677 | K28: SET3BAT | L28: TOP - BOTTOM SET BATMAN SET3BAT:PASTEL BLUE:18-24:GRAPHIC:TOP - BOTTOM SET | M28: 129900 | N28: BXGY | O28: =O27 -> B1G1 | P28: BXGY
A29: =A28 -> 2025 JUL-SEPT B1G1 - 3284 | B29: =B28 -> 46121 | C29: =C28 -> 46127 | D29: 3284 | E29: 338 | F29: 4 | G29: 8 | H29: 81676 | I29: DISNEY | J29: 55538686 | K29: SET3BAT | L29: TOP - BOTTOM SET BATMAN SET3BAT:PASTEL BLUE:24-36:GRAPHIC:TOP - BOTTOM SET | M29: 129900 | N29: BXGY | O29: =O28 -> B1G1 | P29: BXGY
A30: =A29 -> 2025 JUL-SEPT B1G1 - 3284 | B30: =B29 -> 46121 | C30: =C29 -> 46127 | D30: 3284 | E30: 338 | F30: 4 | G30: 8 | H30: 80942 | I30: DISNEY | J30: 59173812 | K30: SET3LKU | L30: TOP - BOTTOM SET LP KUROMI SET3LKU:PASTEL PURPLE:6-12:PRINT:TOP - BOTTOM SET | M30: 149900 | N30: BXGY | O30: =O29 -> B1G1 | P30: BXGY
... A33: =A32 -> 2025 JUL-SEPT B1G1 - 3284 | B33: =B32 -> 46121 | C33: =C32 -> 46127 | D33: 3284 | E33: 338 | F33: 4 | G33: 8 | H33: 80942 | I33: DISNEY | J33: 59173849 | K33: SET3LKU | L33: TOP - BOTTOM SET LP KUROMI SET3LKU:PASTEL PURPLE:24-36:PRINT:TOP - BOTTOM SET | M33: 149900 | N33: BXGY | O33: =O32 -> B1G1 | P33: BXGY
A34: =A33 -> 2025 JUL-SEPT B1G1 - 3284 | B34: =B33 -> 46121 | C34: =C33 -> 46127 | D34: 3284 | E34: 338 | F34: 4 | G34: 8 | H34: 81005 | I34: DISNEY | J34: 59173938 | K34: SET3MM | L34: TOP - BOTTOM SET MY MELODY SET3MM:PASTEL PINK:6-12:PRINT:TOP - BOTTOM SET | M34: 129900 | N34: BXGY | O34: B1G1 | P34: BXGY
A35: =A34 -> 2025 JUL-SEPT B1G1 - 3284 | B35: =B34 -> 46121 | C35: =C34 -> 46127 | D35: 3284 | E35: 338 | F35: 4 | G35: 8 | H35: 81005 | I35: DISNEY | J35: 59173947 | K35: SET3MM | L35: TOP - BOTTOM SET MY MELODY SET3MM:PASTEL PINK:12-18:PRINT:TOP - BOTTOM SET | M35: 129900 | N35: =N34 -> BXGY | O35: =O34 -> B1G1 | P35: BXGY
A36: =A35 -> 2025 JUL-SEPT B1G1 - 3284 | B36: =B35 -> 46121 | C36: =C35 -> 46127 | D36: 3284 | E36: 338 | F36: 4 | G36: 8 | H36: 81005 | I36: DISNEY | J36: 59173956 | K36: SET3MM | L36: TOP - BOTTOM SET MY MELODY SET3MM:PASTEL PINK:18-24:PRINT:TOP - BOTTOM SET | M36: 129900 | N36: =N35 -> BXGY | O36: =O35 -> B1G1 | P36: BXGY
A37: =A36 -> 2025 JUL-SEPT B1G1 - 3284 | B37: =B36 -> 46121 | C37: =C36 -> 46127 | D37: 3284 | E37: 338 | F37: 4 | G37: 8 | H37: 81005 | I37: DISNEY | J37: 59173965 | K37: SET3MM | L37: TOP - BOTTOM SET MY MELODY SET3MM:PASTEL PINK:24-36:PRINT:TOP - BOTTOM SET | M37: 129900 | N37: =N36 -> BXGY | O37: =O36 -> B1G1 | P37: BXGY
A38: =A37 -> 2025 JUL-SEPT B1G1 - 3284 | B38: =B37 -> 46121 | C38: =C37 -> 46127 | D38: 3284 | E38: 338 | F38: 4 | G38: 8 | H38: 81005 | I38: DISNEY | J38: 61301053 | K38: SETGKU3A | L38: TOP - BOTTOM SET KUROMI RUFFLE SETGKU3A:OFF WHITE:6-12:PRINT:TOP - BOTTOM SET | M38: 129900 | N38: =N37 -> BXGY | O38: =O37 -> B1G1 | P38: BXGY
A39: =A38 -> 2025 JUL-SEPT B1G1 - 3284 | B39: =B38 -> 46121 | C39: =C38 -> 46127 | D39: 3284 | E39: 338 | F39: 4 | G39: 8 | H39: 81005 | I39: DISNEY | J39: 61301062 | K39: SETGKU3A | L39: TOP - BOTTOM SET KUROMI RUFFLE SETGKU3A:OFF WHITE:12-18:PRINT:TOP - BOTTOM SET | M39: 129900 | N39: =N38 -> BXGY | O39: =O38 -> B1G1 | P39: BXGY
A40: =A39 -> 2025 JUL-SEPT B1G1 - 3284 | B40: =B39 -> 46121 | C40: =C39 -> 46127 | D40: 3284 | E40: 338 | F40: 4 | G40: 8 | H40: 81005 | I40: DISNEY | J40: 61301071 | K40: SETGKU3A | L40: TOP - BOTTOM SET KUROMI RUFFLE SETGKU3A:OFF WHITE:18-24:PRINT:TOP - BOTTOM SET | M40: 129900 | N40: =N39 -> BXGY | O40: =O39 -> B1G1 | P40: BXGY
A41: =A40 -> 2025 JUL-SEPT B1G1 - 3284 | B41: =B40 -> 46121 | C41: =C40 -> 46127 | D41: 3284 | E41: 338 | F41: 4 | G41: 8 | H41: 81005 | I41: DISNEY | J41: 61301080 | K41: SETGKU3A | L41: TOP - BOTTOM SET KUROMI RUFFLE SETGKU3A:OFF WHITE:24-36:PRINT:TOP - BOTTOM SET | M41: 129900 | N41: =N40 -> BXGY | O41: =O40 -> B1G1 | P41: BXGY
A42: =A41 -> 2025 JUL-SEPT B1G1 - 3284 | B42: =B41 -> 46121 | C42: =C41 -> 46127 | D42: 3284 | E42: 338 | F42: 4 | G42: 8 | H42: 81506 | I42: DISNEY | J42: 53585263 | K42: SETLCN | L42: TOP - BOTTOM SET LP CINNAMOROLL SETLCN:PASTEL BLUE:6-12:PRINT:TOP - BOTTOM SET | M42: 149900 | N42: =N41 -> BXGY | O42: =O41 -> B1G1 | P42: BXGY
A43: =A42 -> 2025 JUL-SEPT B1G1 - 3284 | B43: =B42 -> 46121 | C43: =C42 -> 46127 | D43: 3284 | E43: 338 | F43: 4 | G43: 8 | H43: 81506 | I43: DISNEY | J43: 53585272 | K43: SETLCN | L43: TOP - BOTTOM SET LP CINNAMOROLL SETLCN:PASTEL BLUE:12-18:PRINT:TOP - BOTTOM SET | M43: 149900 | N43: =N42 -> BXGY | O43: =O42 -> B1G1 | P43: BXGY
A44: =A43 -> 2025 JUL-SEPT B1G1 - 3284 | B44: =B43 -> 46121 | C44: =C43 -> 46127 | D44: 3284 | E44: 338 | F44: 4 | G44: 8 | H44: 81506 | I44: DISNEY | J44: 53585281 | K44: SETLCN | L44: TOP - BOTTOM SET LP CINNAMOROLL SETLCN:PASTEL BLUE:18-24:PRINT:TOP - BOTTOM SET | M44: 149900 | N44: =N43 -> BXGY | O44: =O43 -> B1G1 | P44: BXGY
A45: =A44 -> 2025 JUL-SEPT B1G1 - 3284 | B45: =B44 -> 46121 | C45: =C44 -> 46127 | D45: 3284 | E45: 338 | F45: 4 | G45: 8 | H45: 81506 | I45: DISNEY | J45: 53585290 | K45: SETLCN | L45: TOP - BOTTOM SET LP CINNAMOROLL SETLCN:PASTEL BLUE:24-36:PRINT:TOP - BOTTOM SET | M45: 149900 | N45: =N44 -> BXGY | O45: =O44 -> B1G1 | P45: BXGY
A46: =A45 -> 2025 JUL-SEPT B1G1 - 3284 | B46: =B45 -> 46121 | C46: =C45 -> 46127 | D46: 3284 | E46: 338 | F46: 4 | G46: 8 | H46: 81506 | I46: DISNEY | J46: 53585227 | K46: SETSCN | L46: TOP - BOTTOM SET SP CINNAMOROLL SETSCN:OFF WHITE:6-12:PRINT:TOP - BOTTOM SET | M46: 129900 | N46: =N45 -> BXGY | O46: =O45 -> B1G1 | P46: BXGY
... A65: =A64 -> 2025 JUL-SEPT B1G1 - 3284 | B65: =B64 -> 46121 | C65: =C64 -> 46127 | D65: 3284 | E65: 338 | F65: 4 | G65: 8 | H65: 81676 | I65: DISNEY | J65: 55538604 | K65: SWH3BAT | L65: SWEATSHIRT HOODIE BATMAN SWH3BAT:OFF WHITE:24-36:GRAPHIC:SWEATSHIRT | M65: 129900 | N65: =N64 -> BXGY | O65: =O64 -> B1G1 | P65: BXGY

Sheet 2025 JUNI B1G1-3284
A1: ACARA | B1: FROM DATE | C1: TO DATE | D1: DEPT | E1: WORLD | F1: DIVISION | G1: CLASS | H1: SUPPLIER | I1: BRAND | J1: SKU | K1: ARTICLE | L1: DESCRIPTION | M1: HARGA NORMAL | N1: DISKON | O1: HARGA PROMO | P1: DISCOUNT TYPE
A2: 2025 JUN B1G1 | B2: ='2019 ALL D95 - 3281'!B2 -> 46121 | C2: ='2019 ALL D95 - 3281'!C2 -> 46127 | D2: 3284 | E2: 338 | F2: 4 | G2: 4 | H2: 81506 | I2: DISNEY | J2: 53168473 | K2: DMARSB | L2: SS MIDI DRESS MARIE SLING BAG DMARSB:PASTEL PINK:6-12:PRINT:SS MIDI DRESS | M2: 199900 | N2: BXGY | O2: B1G1 | P2: BXGY
A3: 2025 JUN B1G1 | B3: =B2 -> 46121 | C3: =C2 -> 46127 | D3: 3284 | E3: 338 | F3: 4 | G3: 4 | H3: 81506 | I3: DISNEY | J3: 53168482 | K3: DMARSB | L3: SS MIDI DRESS MARIE SLING BAG DMARSB:PASTEL PINK:12-18:PRINT:SS MIDI DRESS | M3: 199900 | N3: BXGY | O3: B1G1 | P3: BXGY
A4: 2025 JUN B1G1 | B4: =B3 -> 46121 | C4: =C3 -> 46127 | D4: 3284 | E4: 338 | F4: 4 | G4: 4 | H4: 81506 | I4: DISNEY | J4: 53168491 | K4: DMARSB | L4: SS MIDI DRESS MARIE SLING BAG DMARSB:PASTEL PINK:18-24:PRINT:SS MIDI DRESS | M4: 199900 | N4: BXGY | O4: B1G1 | P4: BXGY
A5: 2025 JUN B1G1 | B5: =B4 -> 46121 | C5: =C4 -> 46127 | D5: 3284 | E5: 338 | F5: 4 | G5: 4 | H5: 81506 | I5: DISNEY | J5: 53168508 | K5: DMARSB | L5: SS MIDI DRESS MARIE SLING BAG DMARSB:PASTEL PINK:24-36:PRINT:SS MIDI DRESS | M5: 199900 | N5: BXGY | O5: B1G1 | P5: BXGY
A6: 2025 JUN B1G1 | B6: =B5 -> 46121 | C6: =C5 -> 46127 | D6: 3284 | E6: 338 | F6: 4 | G6: 5 | H6: 81146 | I6: DISNEY | J6: 53168517 | K6: RPMARM | L6: SHORT JUMPSUIT ROMPER SS GIRLS MARIE RPMARM:PASTEL PINK:6-12:PRINT:SHORT JUMPSUIT | M6: 219900 | N6: BXGY | O6: B1G1 | P6: BXGY
A7: 2025 JUN B1G1 | B7: =B6 -> 46121 | C7: =C6 -> 46127 | D7: 3284 | E7: 338 | F7: 4 | G7: 5 | H7: 81146 | I7: DISNEY | J7: 53168526 | K7: RPMARM | L7: SHORT JUMPSUIT ROMPER SS GIRLS MARIE RPMARM:PASTEL PINK:12-18:PRINT:SHORT JUMPSUIT | M7: 219900 | N7: BXGY | O7: B1G1 | P7: BXGY
A8: 2025 JUN B1G1 | B8: =B7 -> 46121 | C8: =C7 -> 46127 | D8: 3284 | E8: 338 | F8: 4 | G8: 5 | H8: 81146 | I8: DISNEY | J8: 53168535 | K8: RPMARM | L8: SHORT JUMPSUIT ROMPER SS GIRLS MARIE RPMARM:PASTEL PINK:18-24:PRINT:SHORT JUMPSUIT | M8: 219900 | N8: BXGY | O8: B1G1 | P8: BXGY
A9: 2025 JUN B1G1 | B9: =B8 -> 46121 | C9: =C8 -> 46127 | D9: 3284 | E9: 338 | F9: 4 | G9: 5 | H9: 81146 | I9: DISNEY | J9: 53168544 | K9: RPMARM | L9: SHORT JUMPSUIT ROMPER SS GIRLS MARIE RPMARM:PASTEL PINK:24-36:PRINT:SHORT JUMPSUIT | M9: 219900 | N9: BXGY | O9: B1G1 | P9: BXGY
A10: 2025 JUN B1G1 | B10: =B9 -> 46121 | C10: =C9 -> 46127 | D10: 3284 | E10: 338 | F10: 4 | G10: 3 | H10: 80920 | I10: DISNEY | J10: 53168553 | K10: SETMINWV | L10: TOP - BOTTOM SET SS EMBRO MINNI COMBI WVN SETMINWV:PASTEL PINK:6-12:PRINT:TOP - BOTTOM SET | M10: 189900 | N10: BXGY | O10: B1G1 | P10: BXGY
A11: 2025 JUN B1G1 | B11: =B10 -> 46121 | C11: =C10 -> 46127 | D11: 3284 | E11: 338 | F11: 4 | G11: 3 | H11: 80920 | I11: DISNEY | J11: 53168562 | K11: SETMINWV | L11: TOP - BOTTOM SET SS EMBRO MINNI COMBI WVN SETMINWV:PASTEL PINK:12-18:PRINT:TOP - BOTTOM SET | M11: 189900 | N11: BXGY | O11: B1G1 | P11: BXGY
A12: 2025 JUN B1G1 | B12: =B11 -> 46121 | C12: =C11 -> 46127 | D12: 3284 | E12: 338 | F12: 4 | G12: 3 | H12: 80920 | I12: DISNEY | J12: 53168571 | K12: SETMINWV | L12: TOP - BOTTOM SET SS EMBRO MINNI COMBI WVN SETMINWV:PASTEL PINK:18-24:PRINT:TOP - BOTTOM SET | M12: 189900 | N12: BXGY | O12: B1G1 | P12: BXGY
A13: 2025 JUN B1G1 | B13: =B12 -> 46121 | C13: =C12 -> 46127 | D13: 3284 | E13: 338 | F13: 4 | G13: 3 | H13: 80920 | I13: DISNEY | J13: 53168580 | K13: SETMINWV | L13: TOP - BOTTOM SET SS EMBRO MINNI COMBI WVN SETMINWV:PASTEL PINK:24-36:PRINT:TOP - BOTTOM SET | M13: 189900 | N13: BXGY | O13: B1G1 | P13: BXGY

Sheet 2025 JAN-JUN D75-3284
A1: ACARA | B1: FROM DATE | C1: TO DATE | D1: DEPT | E1: WORLD | F1: DIVISION | G1: CLASS | H1: SUPPLIER | I1: BRAND | J1: SKU | K1: ARTICLE | L1: DESCRIPTION | M1: HARGA NORMAL | N1: DISKON | O1: HARGA PROMO | P1: DISCOUNT TYPE
A2: 2025 JAN-JUN DISC 75% | B2: ='2025 HILITE D80 - 3321'!B2 -> 46121 | C2: ='2025 HILITE D80 - 3321'!C2 -> 46127 | D2: 3284 | E2: 338 | F2: 4 | G2: 8 | H2: 190 | I2: DISNEY | J2: 51992522 | K2: AR-MLD1 | L2: SS T-SHIRT TOP MELODY FP KOTAK-KOTAK AR-MLD1:OFF WHITE:6-12:GRAPHIC:SS T-SHIRT | M2: 119900 | N2: 0.75 | O2: =M2-((75*M2))/100 -> 29975 | P2: PERCENTAGE
A3: =A2 -> 2025 JAN-JUN DISC 75% | B3: =B2 -> 46121 | C3: =C2 -> 46127 | D3: 3284 | E3: 338 | F3: 4 | G3: 8 | H3: 190 | I3: DISNEY | J3: 51992531 | K3: AR-MLD1 | L3: SS T-SHIRT TOP MELODY FP KOTAK-KOTAK AR-MLD1:OFF WHITE:12-18:GRAPHIC:SS T-SHIRT | M3: 119900 | N3: 0.75 | O3: =M3-((75*M3))/100 -> 29975 | P3: =P2 -> PERCENTAGE
A4: =A3 -> 2025 JAN-JUN DISC 75% | B4: =B3 -> 46121 | C4: =C3 -> 46127 | D4: 3284 | E4: 338 | F4: 4 | G4: 8 | H4: 190 | I4: DISNEY | J4: 51992540 | K4: AR-MLD1 | L4: SS T-SHIRT TOP MELODY FP KOTAK-KOTAK AR-MLD1:OFF WHITE:18-24:GRAPHIC:SS T-SHIRT | M4: 119900 | N4: 0.75 | O4: =M4-((75*M4))/100 -> 29975 | P4: =P3 -> PERCENTAGE
A5: =A4 -> 2025 JAN-JUN DISC 75% | B5: =B4 -> 46121 | C5: =C4 -> 46127 | D5: 3284 | E5: 338 | F5: 4 | G5: 8 | H5: 190 | I5: DISNEY | J5: 51992559 | K5: AR-MLD1 | L5: SS T-SHIRT TOP MELODY FP KOTAK-KOTAK AR-MLD1:OFF WHITE:24-36:GRAPHIC:SS T-SHIRT | M5: 119900 | N5: 0.75 | O5: =M5-((75*M5))/100 -> 29975 | P5: =P4 -> PERCENTAGE
A6: =A5 -> 2025 JAN-JUN DISC 75% | B6: =B5 -> 46121 | C6: =C5 -> 46127 | D6: 3284 | E6: 338 | F6: 4 | G6: 8 | H6: 190 | I6: DISNEY | J6: 51992568 | K6: AR-MLD2 | L6: SS T-SHIRT TOP MELODY BALON SLEEVE AR-MLD2:PALE PURPLE:6-12:GRAPHIC:SS T-SHIRT | M6: 119900 | N6: 0.75 | O6: =M6-((75*M6))/100 -> 29975 | P6: =P5 -> PERCENTAGE
A7: =A6 -> 2025 JAN-JUN DISC 75% | B7: =B6 -> 46121 | C7: =C6 -> 46127 | D7: 3284 | E7: 338 | F7: 4 | G7: 8 | H7: 190 | I7: DISNEY | J7: 51992577 | K7: AR-MLD2 | L7: SS T-SHIRT TOP MELODY BALON SLEEVE AR-MLD2:PALE PURPLE:12-18:GRAPHIC:SS T-SHIRT | M7: 119900 | N7: 0.75 | O7: =M7-((75*M7))/100 -> 29975 | P7: =P6 -> PERCENTAGE
A8: =A7 -> 2025 JAN-JUN DISC 75% | B8: =B7 -> 46121 | C8: =C7 -> 46127 | D8: 3284 | E8: 338 | F8: 4 | G8: 8 | H8: 190 | I8: DISNEY | J8: 51992586 | K8: AR-MLD2 | L8: SS T-SHIRT TOP MELODY BALON SLEEVE AR-MLD2:PALE PURPLE:18-24:GRAPHIC:SS T-SHIRT | M8: 119900 | N8: 0.75 | O8: =M8-((75*M8))/100 -> 29975 | P8: =P7 -> PERCENTAGE
A9: =A8 -> 2025 JAN-JUN DISC 75% | B9: =B8 -> 46121 | C9: =C8 -> 46127 | D9: 3284 | E9: 338 | F9: 4 | G9: 8 | H9: 190 | I9: DISNEY | J9: 51992595 | K9: AR-MLD2 | L9: SS T-SHIRT TOP MELODY BALON SLEEVE AR-MLD2:PALE PURPLE:24-36:GRAPHIC:SS T-SHIRT | M9: 119900 | N9: 0.75 | O9: =M9-((75*M9))/100 -> 29975 | P9: =P8 -> PERCENTAGE
A10: =A9 -> 2025 JAN-JUN DISC 75% | B10: =B9 -> 46121 | C10: =C9 -> 46127 | D10: 3284 | E10: 338 | F10: 4 | G10: 8 | H10: 190 | I10: DISNEY | J10: 51992602 | K10: AR-MLD3 | L10: DENIM LONG PANTS MY MELODY AR-MLD3:LIGHT DENIM:6-12:GRAPHIC:DENIM LONG PANTS | M10: 199900 | N10: 0.75 | O10: =M10-((75*M10))/100 -> 49975 | P10: =P9 -> PERCENTAGE
A11: =A10 -> 2025 JAN-JUN DISC 75% | B11: =B10 -> 46121 | C11: =C10 -> 46127 | D11: 3284 | E11: 338 | F11: 4 | G11: 8 | H11: 190 | I11: DISNEY | J11: 51992611 | K11: AR-MLD3 | L11: DENIM LONG PANTS MY MELODY AR-MLD3:LIGHT DENIM:12-18:GRAPHIC:DENIM LONG PANTS | M11: 199900 | N11: 0.75 | O11: =M11-((75*M11))/100 -> 49975 | P11: =P10 -> PERCENTAGE
A12: =A11 -> 2025 JAN-JUN DISC 75% | B12: =B11 -> 46121 | C12: =C11 -> 46127 | D12: 3284 | E12: 338 | F12: 4 | G12: 8 | H12: 190 | I12: DISNEY | J12: 51992620 | K12: AR-MLD3 | L12: DENIM LONG PANTS MY MELODY AR-MLD3:LIGHT DENIM:18-24:GRAPHIC:DENIM LONG PANTS | M12: 199900 | N12: 0.75 | O12: =M12-((75*M12))/100 -> 49975 | P12: =P11 -> PERCENTAGE
A13: =A12 -> 2025 JAN-JUN DISC 75% | B13: =B12 -> 46121 | C13: =C12 -> 46127 | D13: 3284 | E13: 338 | F13: 4 | G13: 8 | H13: 190 | I13: DISNEY | J13: 51992639 | K13: AR-MLD3 | L13: DENIM LONG PANTS MY MELODY AR-MLD3:LIGHT DENIM:24-36:GRAPHIC:DENIM LONG PANTS | M13: 199900 | N13: 0.75 | O13: =M13-((75*M13))/100 -> 49975 | P13: =P12 -> PERCENTAGE
A14: =A13 -> 2025 JAN-JUN DISC 75% | B14: =B13 -> 46121 | C14: =C13 -> 46127 | D14: 3284 | E14: 338 | F14: 4 | G14: 8 | H14: 190 | I14: DISNEY | J14: 51992648 | K14: AR-MLD4 | L14: SS MIDI DRESS MY MELODY FP KOTAK-KOTAK AR-MLD4:ASSORTIVE COLOR:6-12:GRAPHIC:SS MIDI DRESS | M14: 199900 | N14: 0.75 | O14: =M14-((75*M14))/100 -> 49975 | P14: =P13 -> PERCENTAGE
... A118: =A117 -> 2025 JAN-JUN DISC 75% | B118: =B117 -> 46121 | C118: =C117 -> 46127 | D118: 3284 | E118: 338 | F118: 4 | G118: 4 | H118: 80920 | I118: DISNEY | J118: 53168624 | K118: DSMINOWV | L118: SS MIDI DRESS OVERALL EMBRO MINNIE COMBI WVN DSMINOWV:PASTEL PINK:24-36:PRINT:SS MIDI DRESS | M118: 219900 | N118: 0.75 | O118: =M118-((75*M118))/100 -> 54975 | P118: =P117 -> PERCENTAGE

Sheet 2024 JAN-DEC D70-3284 LC  BABY
A1: ACARA | B1: FROM DATE | C1: TO DATE | D1: DEPT | E1: WORLD | F1: DIVISION | G1: CLASS | H1: SUPPLIER | I1: BRAND | J1: SKU | K1: ARTICLE | L1: DESCRIPTION | M1: HARGA NORMAL | N1: DISKON | O1: HARGA PROMO | P1: DISCOUNT TYPE
A2: 2024 JAN-DEC D70 LICENSE BABY | B2: ='2025 HILITE D80 - 3321'!B2 -> 46121 | C2: ='2025 HILITE D80 - 3321'!C2 -> 46127 | D2: 3284 | E2: 338 | F2: 4 | G2: 1 | H2: 81421 | I2: DISNEY | J2: 15617620 | K2: LSMINFL | L2: LS T-SHIRT MINNIE LITTLE FLOWER LSMINFL:PASTEL PINK:6-12:PRINT:LS T-SHIRT | M2: 149900 | N2: 0.7 | O2: =M2-((70*M2)/100) -> 44970 | P2: PERCENTAGE
A3: =A2 -> 2024 JAN-DEC D70 LICENSE BABY | B3: =B2 -> 46121 | C3: =C2 -> 46127 | D3: 3284 | E3: 338 | F3: 4 | G3: 1 | H3: 81421 | I3: DISNEY | J3: 15617639 | K3: LSMINFL | L3: LS T-SHIRT MINNIE LITTLE FLOWER LSMINFL:PASTEL PINK:12-18:PRINT:LS T-SHIRT | M3: 149900 | N3: =N2 -> 0.7 | O3: =M3-((70*M3)/100) -> 44970 | P3: PERCENTAGE
A4: =A3 -> 2024 JAN-DEC D70 LICENSE BABY | B4: =B3 -> 46121 | C4: =C3 -> 46127 | D4: 3284 | E4: 338 | F4: 4 | G4: 1 | H4: 81421 | I4: DISNEY | J4: 15617648 | K4: LSMINFL | L4: LS T-SHIRT MINNIE LITTLE FLOWER LSMINFL:PASTEL PINK:18-24:PRINT:LS T-SHIRT | M4: 149900 | N4: =N3 -> 0.7 | O4: =M4-((70*M4)/100) -> 44970 | P4: PERCENTAGE
A5: =A4 -> 2024 JAN-DEC D70 LICENSE BABY | B5: =B4 -> 46121 | C5: =C4 -> 46127 | D5: 3284 | E5: 338 | F5: 4 | G5: 1 | H5: 81421 | I5: DISNEY | J5: 15617657 | K5: LSMINFL | L5: LS T-SHIRT MINNIE LITTLE FLOWER LSMINFL:PASTEL PINK:24-36:PRINT:LS T-SHIRT | M5: 149900 | N5: =N4 -> 0.7 | O5: =M5-((70*M5)/100) -> 44970 | P5: PERCENTAGE
A6: =A5 -> 2024 JAN-DEC D70 LICENSE BABY | B6: =B5 -> 46121 | C6: =C5 -> 46127 | D6: 3284 | E6: 338 | F6: 4 | G6: 1 | H6: 81421 | I6: DISNEY | J6: 16621444 | K6: JKHKTMIN | L6: JACKET HOODIE MINNIE EMBOS KOTAK JKHKTMIN:PASTEL PINK:6-12:PRINT:JACKET | M6: 199900 | N6: =N5 -> 0.7 | O6: =M6-((70*M6)/100) -> 59970 | P6: PERCENTAGE
A7: =A6 -> 2024 JAN-DEC D70 LICENSE BABY | B7: =B6 -> 46121 | C7: =C6 -> 46127 | D7: 3284 | E7: 338 | F7: 4 | G7: 1 | H7: 81421 | I7: DISNEY | J7: 16621453 | K7: JKHKTMIN | L7: JACKET HOODIE MINNIE EMBOS KOTAK JKHKTMIN:PASTEL PINK:12-18:PRINT:JACKET | M7: 199900 | N7: =N6 -> 0.7 | O7: =M7-((70*M7)/100) -> 59970 | P7: PERCENTAGE
A8: =A7 -> 2024 JAN-DEC D70 LICENSE BABY | B8: =B7 -> 46121 | C8: =C7 -> 46127 | D8: 3284 | E8: 338 | F8: 4 | G8: 1 | H8: 81421 | I8: DISNEY | J8: 16621462 | K8: JKHKTMIN | L8: JACKET HOODIE MINNIE EMBOS KOTAK JKHKTMIN:PASTEL PINK:18-24:PRINT:JACKET | M8: 199900 | N8: =N7 -> 0.7 | O8: =M8-((70*M8)/100) -> 59970 | P8: PERCENTAGE
A9: =A8 -> 2024 JAN-DEC D70 LICENSE BABY | B9: =B8 -> 46121 | C9: =C8 -> 46127 | D9: 3284 | E9: 338 | F9: 4 | G9: 1 | H9: 81421 | I9: DISNEY | J9: 16621471 | K9: JKHKTMIN | L9: JACKET HOODIE MINNIE EMBOS KOTAK JKHKTMIN:PASTEL PINK:24-36:PRINT:JACKET | M9: 199900 | N9: =N8 -> 0.7 | O9: =M9-((70*M9)/100) -> 59970 | P9: PERCENTAGE
A10: =A9 -> 2024 JAN-DEC D70 LICENSE BABY | B10: =B9 -> 46121 | C10: =C9 -> 46127 | D10: 3284 | E10: 338 | F10: 4 | G10: 1 | H10: 80920 | I10: DISNEY | J10: 15617988 | K10: TSBTBMIN | L10: SS T-SHIRT MINNIE AND DAISY BORN TO BLOOM TSBTBMIN:PASTEL GREEN:6-12:PRINT:SS T-SHIRT | M10: 129900 | N10: =N9 -> 0.7 | O10: =M10-((70*M10)/100) -> 38970 | P10: PERCENTAGE
A11: =A10 -> 2024 JAN-DEC D70 LICENSE BABY | B11: =B10 -> 46121 | C11: =C10 -> 46127 | D11: 3284 | E11: 338 | F11: 4 | G11: 1 | H11: 80920 | I11: DISNEY | J11: 15617997 | K11: TSBTBMIN | L11: SS T-SHIRT MINNIE AND DAISY BORN TO BLOOM TSBTBMIN:PASTEL GREEN:12-18:PRINT:SS T-SHIRT | M11: 129900 | N11: =N10 -> 0.7 | O11: =M11-((70*M11)/100) -> 38970 | P11: PERCENTAGE
A12: =A11 -> 2024 JAN-DEC D70 LICENSE BABY | B12: =B11 -> 46121 | C12: =C11 -> 46127 | D12: 3284 | E12: 338 | F12: 4 | G12: 1 | H12: 80920 | I12: DISNEY | J12: 15618003 | K12: TSBTBMIN | L12: SS T-SHIRT MINNIE AND DAISY BORN TO BLOOM TSBTBMIN:PASTEL GREEN:18-24:PRINT:SS T-SHIRT | M12: 129900 | N12: =N11 -> 0.7 | O12: =M12-((70*M12)/100) -> 38970 | P12: PERCENTAGE
A13: =A12 -> 2024 JAN-DEC D70 LICENSE BABY | B13: =B12 -> 46121 | C13: =C12 -> 46127 | D13: 3284 | E13: 338 | F13: 4 | G13: 1 | H13: 80920 | I13: DISNEY | J13: 15618012 | K13: TSBTBMIN | L13: SS T-SHIRT MINNIE AND DAISY BORN TO BLOOM TSBTBMIN:PASTEL GREEN:24-36:PRINT:SS T-SHIRT | M13: 129900 | N13: =N12 -> 0.7 | O13: =M13-((70*M13)/100) -> 38970 | P13: PERCENTAGE
A14: =A13 -> 2024 JAN-DEC D70 LICENSE BABY | B14: =B13 -> 46121 | C14: =C13 -> 46127 | D14: 3284 | E14: 338 | F14: 4 | G14: 1 | H14: 80920 | I14: DISNEY | J14: 15618021 | K14: SSPLMAR | L14: SS T-SHIRT TOP FP MARIE SSPLMAR:OFF WHITE:6-12:PRINT:SS T-SHIRT | M14: 99900 | N14: =N13 -> 0.7 | O14: =M14-((70*M14)/100) -> 29970 | P14: PERCENTAGE
... A205: =A204 -> 2024 JAN-DEC D70 LICENSE BABY | B205: =B204 -> 46121 | C205: =C204 -> 46127 | D205: 3284 | E205: 338 | F205: 4 | G205: 8 | H205: 80942 | I205: DISNEY | J205: 18358584 | K205: PPG4 | L205: SS MIDI DRESS OVERALL SUPER CUTE PPG PPG4:PASTEL PINK:24-36:PRINT:SS MIDI DRESS | M205: 219900 | N205: =N204 -> 0.7 | O205: =M205-((70*M205)/100) -> 65970 | P205: PERCENTAGE

Sheet 2023 JAN-NOV D90-3284 LC BABY
A1: ACARA | B1: FROM DATE | C1: TO DATE | D1: DEPT | E1: WORLD | F1: DIVISION | G1: CLASS | H1: SUPPLIER | I1: BRAND | J1: SKU | K1: ARTICLE | L1: DESCRIPTION | M1: HARGA NORMAL | N1: DISKON | O1: HARGA PROMO | P1: DISCOUNT TYPE
A2: 2023 JAN-DEC DISC 90 LICENSE BABY | B2: ='2025 HILITE D80 - 3321'!B2 -> 46121 | C2: ='2025 HILITE D80 - 3321'!C2 -> 46127 | D2: 3284 | E2: 338 | F2: 4 | G2: 1 | H2: 81421 | I2: DISNEY | J2: 79694570 | K2: SWBMPOOH | L2: SWEATSHIRT POOH BIG MEMORIES SWBMPOOH:PASTEL PINK:24-36:PRINT:SWEATSHIRT | M2: 139900 | N2: 0.9 | O2: =M2-((90*M2)/100) -> 13990 | P2: PERCENTAGE
A3: 2023 JAN-DEC DISC 90 LICENSE BABY | B3: =B2 -> 46121 | C3: =C2 -> 46127 | D3: 3284 | E3: 338 | F3: 4 | G3: 1 | H3: 81421 | I3: DISNEY | J3: 73515854 | K3: TSFPMIN | L3: SS T-SHIRT TSHIRT FP MINNIE 66020100MIN TSFPMIN:PASTEL GREEN:18-24:PRINT:SS T-SHIRT | M3: 79900 | N3: 0.9 | O3: =M3-((90*M3)/100) -> 7990 | P3: PERCENTAGE
A4: 2023 JAN-DEC DISC 90 LICENSE BABY | B4: =B3 -> 46121 | C4: =C3 -> 46127 | D4: 3284 | E4: 338 | F4: 4 | G4: 1 | H4: 190 | I4: DISNEY | J4: 84324469 | K4: SSMIN23 | L4: SS BLOUSE MINNIE BBTR SWING SSMIN23:PASTEL PINK:6-12:GRAPHIC:SS BLOUSE | M4: 139900 | N4: 0.9 | O4: =M4-((90*M4)/100) -> 13990 | P4: PERCENTAGE
A5: 2023 JAN-DEC DISC 90 LICENSE BABY | B5: =B4 -> 46121 | C5: =C4 -> 46127 | D5: 3284 | E5: 338 | F5: 4 | G5: 1 | H5: 190 | I5: DISNEY | J5: 84324487 | K5: SSMIN23 | L5: SS BLOUSE MINNIE BBTR SWING SSMIN23:PASTEL PINK:18-24:GRAPHIC:SS BLOUSE | M5: 139900 | N5: 0.9 | O5: =M5-((90*M5)/100) -> 13990 | P5: PERCENTAGE
A6: 2023 JAN-DEC DISC 90 LICENSE BABY | B6: =B5 -> 46121 | C6: =C5 -> 46127 | D6: 3284 | E6: 338 | F6: 4 | G6: 1 | H6: 190 | I6: DISNEY | J6: 84324496 | K6: SSMIN23 | L6: SS BLOUSE MINNIE BBTR SWING SSMIN23:PASTEL PINK:24-36:GRAPHIC:SS BLOUSE | M6: 139900 | N6: 0.9 | O6: =M6-((90*M6)/100) -> 13990 | P6: PERCENTAGE
A7: 2023 JAN-DEC DISC 90 LICENSE BABY | B7: =B6 -> 46121 | C7: =C6 -> 46127 | D7: 3284 | E7: 338 | F7: 4 | G7: 1 | H7: 80920 | I7: DISNEY | J7: 79584608 | K7: SSBTPRN1 | L7: SS PITA BBTR PRINCESS SSBTPRN1:DUSTY PINK:12-18:PRINT:SS T-SHIRT | M7: 129900 | N7: 0.9 | O7: =M7-((90*M7)/100) -> 12990 | P7: PERCENTAGE
A8: 2023 JAN-DEC DISC 90 LICENSE BABY | B8: =B7 -> 46121 | C8: =C7 -> 46127 | D8: 3284 | E8: 338 | F8: 4 | G8: 1 | H8: 80920 | I8: DISNEY | J8: 79694516 | K8: SSBTPRN2 | L8: SS T-SHIRT RUFFLE BBTR PRINCESS SSBTPRN2:PASTEL PINK:12-18:PRINT:SS T-SHIRT | M8: 129900 | N8: 0.9 | O8: =M8-((90*M8)/100) -> 12990 | P8: PERCENTAGE
A9: 2023 JAN-DEC DISC 90 LICENSE BABY | B9: =B8 -> 46121 | C9: =C8 -> 46127 | D9: 3284 | E9: 338 | F9: 4 | G9: 1 | H9: 81676 | I9: DISNEY | J9: 79758359 | K9: TSPOOET | L9: SS T-SHIRT POOH ENJOY TODAY TSPOOET:PASTEL YELLOW:18-24:PRINT:SS T-SHIRT | M9: 79900 | N9: 0.9 | O9: =M9-((90*M9)/100) -> 7990 | P9: PERCENTAGE
A10: 2023 JAN-DEC DISC 90 LICENSE BABY | B10: =B9 -> 46121 | C10: =C9 -> 46127 | D10: 3284 | E10: 338 | F10: 4 | G10: 1 | H10: 81676 | I10: DISNEY | J10: 79758368 | K10: TSPOOET | L10: SS T-SHIRT POOH ENJOY TODAY TSPOOET:PASTEL YELLOW:24-36:PRINT:SS T-SHIRT | M10: 79900 | N10: 0.9 | O10: =M10-((90*M10)/100) -> 7990 | P10: PERCENTAGE
A11: 2023 JAN-DEC DISC 90 LICENSE BABY | B11: =B10 -> 46121 | C11: =C10 -> 46127 | D11: 3284 | E11: 338 | F11: 4 | G11: 1 | H11: 81676 | I11: DISNEY | J11: 81270531 | K11: TSLIONK | L11: T-SHIRT SIMBA LION KING 66020100 TSLIONK:PASTEL YELLOW:6-12:PRINT:SS T-SHIRT | M11: 89900 | N11: 0.9 | O11: =M11-((90*M11)/100) -> 8990 | P11: PERCENTAGE
A12: 2023 JAN-DEC DISC 90 LICENSE BABY | B12: =B11 -> 46121 | C12: =C11 -> 46127 | D12: 3284 | E12: 338 | F12: 4 | G12: 1 | H12: 81676 | I12: DISNEY | J12: 81270540 | K12: TSLIONK | L12: T-SHIRT SIMBA LION KING 66020100 TSLIONK:PASTEL YELLOW:12-18:PRINT:SS T-SHIRT | M12: 89900 | N12: 0.9 | O12: =M12-((90*M12)/100) -> 8990 | P12: PERCENTAGE
A13: 2023 JAN-DEC DISC 90 LICENSE BABY | B13: =B12 -> 46121 | C13: =C12 -> 46127 | D13: 3284 | E13: 338 | F13: 4 | G13: 1 | H13: 81676 | I13: DISNEY | J13: 81270559 | K13: TSLIONK | L13: T-SHIRT SIMBA LION KING 66020100 TSLIONK:PASTEL YELLOW:18-24:PRINT:SS T-SHIRT | M13: 89900 | N13: 0.9 | O13: =M13-((90*M13)/100) -> 8990 | P13: PERCENTAGE
A14: 2023 JAN-DEC DISC 90 LICENSE BABY | B14: =B13 -> 46121 | C14: =C13 -> 46127 | D14: 3284 | E14: 338 | F14: 4 | G14: 1 | H14: 81676 | I14: DISNEY | J14: 81270568 | K14: TSLIONK | L14: T-SHIRT SIMBA LION KING 66020100 TSLIONK:PASTEL YELLOW:24-36:PRINT:SS T-SHIRT | M14: 89900 | N14: 0.9 | O14: =M14-((90*M14)/100) -> 8990 | P14: PERCENTAGE
... A146: 2023 JAN-DEC DISC 90 LICENSE BABY | B146: =B145 -> 46121 | C146: =C145 -> 46127 | D146: 3284 | E146: 338 | F146: 4 | G146: 8 | H146: 81676 | I146: DISNEY | J146: 81897945 | K146: GNWBB3 | L146: OVERALL WBB BATCH 1 WBB-IFOV3:CLASSIC BLUE:0-3:GRAPHIC:SHORT JUMPSUIT | M146: 219900 | N146: 0.9 | O146: =M146-((90*M146)/100) -> 21990 | P146: PERCENTAGE

Sheet 2022 ALL D90 - 3284 LC BABY
A1: ACARA | B1: FROM DATE | C1: TO DATE | D1: DEPT | E1: WORLD | F1: DIVISION | G1: CLASS | H1: SUPPLIER | I1: BRAND | J1: SKU | K1: ARTICLE | L1: DESCRIPTION | M1: HARGA NORMAL | N1: DISKON | O1: HARGA PROMO | P1: DISCOUNT TYPE
A2: 2022 ALL D90 LICENSE BABY | B2: ='2025 HILITE D80 - 3321'!B2 -> 46121 | C2: ='2025 HILITE D80 - 3321'!C2 -> 46127 | D2: 3284 | E2: 338 | F2: 4 | G2: 1 | H2: 81421 | I2: DISNEY | J2: 28031649 | K2: SSMRPREC | L2: SS BLOUSE BABYTERRY MARIE PRECIOUS AND PUUURRFECT SSMRPREC:CORAL:0-6:GRAPHIC:SS BLOUSE | M2: 99900 | N2: 0.9 | O2: =M2-((90*M2)/100) -> 9990 | P2: PERCENTAGE
A3: 2022 ALL D90 LICENSE BABY | B3: =B2 -> 46121 | C3: =C2 -> 46127 | D3: 3284 | E3: 338 | F3: 4 | G3: 1 | H3: 81421 | I3: DISNEY | J3: 28031658 | K3: SSMRPREC | L3: SS BLOUSE BABYTERRY MARIE PRECIOUS AND PUUURRFECT SSMRPREC:CORAL:6-12:GRAPHIC:SS BLOUSE | M3: 99900 | N3: 0.9 | O3: =M3-((90*M3)/100) -> 9990 | P3: PERCENTAGE
A4: 2022 ALL D90 LICENSE BABY | B4: =B3 -> 46121 | C4: =C3 -> 46127 | D4: 3284 | E4: 338 | F4: 4 | G4: 1 | H4: 81421 | I4: DISNEY | J4: 28031667 | K4: SSMRPREC | L4: SS BLOUSE BABYTERRY MARIE PRECIOUS AND PUUURRFECT SSMRPREC:CORAL:12-18:GRAPHIC:SS BLOUSE | M4: 99900 | N4: 0.9 | O4: =M4-((90*M4)/100) -> 9990 | P4: PERCENTAGE
A5: 2022 ALL D90 LICENSE BABY | B5: =B4 -> 46121 | C5: =C4 -> 46127 | D5: 3284 | E5: 338 | F5: 4 | G5: 1 | H5: 81421 | I5: DISNEY | J5: 28031676 | K5: SSMRPREC | L5: SS BLOUSE BABYTERRY MARIE PRECIOUS AND PUUURRFECT SSMRPREC:CORAL:18-24:GRAPHIC:SS BLOUSE | M5: 99900 | N5: 0.9 | O5: =M5-((90*M5)/100) -> 9990 | P5: PERCENTAGE
A6: 2022 ALL D90 LICENSE BABY | B6: =B5 -> 46121 | C6: =C5 -> 46127 | D6: 3284 | E6: 338 | F6: 4 | G6: 1 | H6: 81421 | I6: DISNEY | J6: 55712059 | K6: TSKVBDUM | L6: TSHIRT KVDB DUMBO LITTLE CIRCUS 66010100DUM TSKVBDUM:PASTEL BLU:0-6:PRINT:SS T-SHIRT | M6: 49900 | N6: 0.9 | O6: =M6-((90*M6)/100) -> 4990 | P6: PERCENTAGE
A7: 2022 ALL D90 LICENSE BABY | B7: =B6 -> 46121 | C7: =C6 -> 46127 | D7: 3284 | E7: 338 | F7: 4 | G7: 1 | H7: 81421 | I7: DISNEY | J7: 55712068 | K7: TSKVBDUM | L7: TSHIRT KVDB DUMBO LITTLE CIRCUS 66010100DUM TSKVBDUM:PASTEL BLU:6-12:PRINT:SS T-SHIRT | M7: 49900 | N7: 0.9 | O7: =M7-((90*M7)/100) -> 4990 | P7: PERCENTAGE
A8: 2022 ALL D90 LICENSE BABY | B8: =B7 -> 46121 | C8: =C7 -> 46127 | D8: 3284 | E8: 338 | F8: 4 | G8: 1 | H8: 81421 | I8: DISNEY | J8: 55712077 | K8: TSKVBDUM | L8: TSHIRT KVDB DUMBO LITTLE CIRCUS 66010100DUM TSKVBDUM:PASTEL BLU:12-18:PRINT:SS T-SHIRT | M8: 49900 | N8: 0.9 | O8: =M8-((90*M8)/100) -> 4990 | P8: PERCENTAGE
A9: 2022 ALL D90 LICENSE BABY | B9: =B8 -> 46121 | C9: =C8 -> 46127 | D9: 3284 | E9: 338 | F9: 4 | G9: 1 | H9: 81421 | I9: DISNEY | J9: 55712086 | K9: TSKVBDUM | L9: TSHIRT KVDB DUMBO LITTLE CIRCUS 66010100DUM TSKVBDUM:PASTEL BLU:18-24:PRINT:SS T-SHIRT | M9: 49900 | N9: 0.9 | O9: =M9-((90*M9)/100) -> 4990 | P9: PERCENTAGE
A10: 2022 ALL D90 LICENSE BABY | B10: =B9 -> 46121 | C10: =C9 -> 46127 | D10: 3284 | E10: 338 | F10: 4 | G10: 1 | H10: 81421 | I10: DISNEY | J10: 55712157 | K10: TSKVGDUM | L10: TSHIRT KVDG DUMBO CIRCUS FLAG 66010100DUM TSKVGDUM:PASTEL ORAN:0-6:PRINT:SS T-SHIRT | M10: 49900 | N10: 0.9 | O10: =M10-((90*M10)/100) -> 4990 | P10: PERCENTAGE
A11: 2022 ALL D90 LICENSE BABY | B11: =B10 -> 46121 | C11: =C10 -> 46127 | D11: 3284 | E11: 338 | F11: 4 | G11: 1 | H11: 81421 | I11: DISNEY | J11: 55712166 | K11: TSKVGDUM | L11: TSHIRT KVDG DUMBO CIRCUS FLAG 66010100DUM TSKVGDUM:PASTEL ORAN:6-12:PRINT:SS T-SHIRT | M11: 49900 | N11: 0.9 | O11: =M11-((90*M11)/100) -> 4990 | P11: PERCENTAGE
A12: 2022 ALL D90 LICENSE BABY | B12: =B11 -> 46121 | C12: =C11 -> 46127 | D12: 3284 | E12: 338 | F12: 4 | G12: 1 | H12: 81421 | I12: DISNEY | J12: 55712175 | K12: TSKVGDUM | L12: TSHIRT KVDG DUMBO CIRCUS FLAG 66010100DUM TSKVGDUM:PASTEL ORAN:12-18:PRINT:SS T-SHIRT | M12: 49900 | N12: 0.9 | O12: =M12-((90*M12)/100) -> 4990 | P12: PERCENTAGE
A13: 2022 ALL D90 LICENSE BABY | B13: =B12 -> 46121 | C13: =C12 -> 46127 | D13: 3284 | E13: 338 | F13: 4 | G13: 1 | H13: 81421 | I13: DISNEY | J13: 55712184 | K13: TSKVGDUM | L13: TSHIRT KVDG DUMBO CIRCUS FLAG 66010100DUM TSKVGDUM:PASTEL ORAN:18-24:PRINT:SS T-SHIRT | M13: 49900 | N13: 0.9 | O13: =M13-((90*M13)/100) -> 4990 | P13: PERCENTAGE
A14: 2022 ALL D90 LICENSE BABY | B14: =B13 -> 46121 | C14: =C13 -> 46127 | D14: 3284 | E14: 338 | F14: 4 | G14: 1 | H14: 81421 | I14: DISNEY | J14: 67591391 | K14: LSRFPOOH | L14: LS T-SHIRT POOH RUFFLE LSRFPOOH:PASTEL ORANGE:18-24:GRAPHIC:LS T-SHIRT | M14: 129900 | N14: 0.9 | O14: =M14-((90*M14)/100) -> 12990 | P14: PERCENTAGE
... A201: 2022 ALL D90 LICENSE BABY | B201: =B200 -> 46121 | C201: =C200 -> 46127 | D201: 3284 | E201: 338 | F201: 4 | G201: 7 | H201: 81676 | I201: DISNEY | J201: 75960502 | K201: JGSPD | L201: JOGGER SPIDERMAN JARING 66020100MCR JGSPD:NAVY BLUE:24-36:GRAPHIC:JOGGER | M201: 139900 | N201: 0.9 | O201: =M201-((90*M201)/100) -> 13990 | P201: PERCENTAGE

Sheet 2021 2020 ALL D90-3284 LC BABY
A1: ACARA | B1: FROM DATE | C1: TO DATE | D1: DEPT | E1: WORLD | F1: DIVISION | G1: CLASS | H1: SUPPLIER | I1: BRAND | J1: SKU | K1: ARTICLE | L1: DESCRIPTION | M1: HARGA NORMAL | N1: DISKON | O1: HARGA PROMO | P1: DISCOUNT TYPE
A2: 2021 2020 ALL D90 LICENSE BABY | B2: ='2025 HILITE D80 - 3321'!B2 -> 46121 | C2: ='2025 HILITE D80 - 3321'!C2 -> 46127 | D2: 3284 | E2: 338 | F2: 4 | G2: 1 | H2: 850 | I2: DISNEY | J2: 26115491 | K2: BTRPG2M61 | L2: BT TS SS MICKEY MODERN PLAY KANTONG:MISTY LIGHT GRE:M | M2: 59900 | N2: 0.9 | O2: =M2-((90*M2)/100) -> 5990 | P2: PERCENTAGE
A3: 2021 2020 ALL D90 LICENSE BABY | B3: =B2 -> 46121 | C3: =C2 -> 46127 | D3: 3284 | E3: 338 | F3: 4 | G3: 1 | H3: 850 | I3: DISNEY | J3: 26953237 | K3: 0BTRPG4 | L3: 66010100WPF - TS SS WINNIE THE POOH ALWAYS HAPPY:MISTY LIGHT:L | M3: 59900 | N3: 0.9 | O3: =M3-((90*M3)/100) -> 5990 | P3: PERCENTAGE
A4: 2021 2020 ALL D90 LICENSE BABY | B4: =B3 -> 46121 | C4: =C3 -> 46127 | D4: 3284 | E4: 338 | F4: 4 | G4: 1 | H4: 850 | I4: DISNEY | J4: 26507460 | K4: 0BTRPG6 | L4: 66010100WPF - TS SS WINNIE THE POOH SMILE FACE:CLASSIC YELLO:S | M4: 59900 | N4: 0.9 | O4: =M4-((90*M4)/100) -> 5990 | P4: PERCENTAGE
A5: 2021 2020 ALL D90 LICENSE BABY | B5: =B4 -> 46121 | C5: =C4 -> 46127 | D5: 3284 | E5: 338 | F5: 4 | G5: 1 | H5: 850 | I5: DISNEY | J5: 26507497 | K5: 0BTRPG6 | L5: 66010100WPF - TS SS WINNIE THE POOH SMILE FACE:CLASSIC YELLO:XL | M5: 59900 | N5: 0.9 | O5: =M5-((90*M5)/100) -> 5990 | P5: PERCENTAGE
A6: 2021 2020 ALL D90 LICENSE BABY | B6: =B5 -> 46121 | C6: =C5 -> 46127 | D6: 3284 | E6: 338 | F6: 4 | G6: 1 | H6: 81421 | I6: DISNEY | J6: 26699254 | K6: TSMICKIC | L6: BOYS TOP TS MICKEY KEEP IT COOL TSMICKIC :CLASSIC YELLOW:0-6:GRAPHIC:SS T-SHIRT | M6: 59900 | N6: 0.9 | O6: =M6-((90*M6)/100) -> 5990 | P6: PERCENTAGE
A7: 2021 2020 ALL D90 LICENSE BABY | B7: =B6 -> 46121 | C7: =C6 -> 46127 | D7: 3284 | E7: 338 | F7: 4 | G7: 1 | H7: 81421 | I7: DISNEY | J7: 26699263 | K7: TSMICKIC | L7: BOYS TOP TS MICKEY KEEP IT COOL TSMICKIC :CLASSIC YELLOW:6-12:GRAPHIC:SS T-SHIRT | M7: 59900 | N7: 0.9 | O7: =M7-((90*M7)/100) -> 5990 | P7: PERCENTAGE
A8: 2021 2020 ALL D90 LICENSE BABY | B8: =B7 -> 46121 | C8: =C7 -> 46127 | D8: 3284 | E8: 338 | F8: 4 | G8: 1 | H8: 81421 | I8: DISNEY | J8: 26699370 | K8: SWMICK201 | L8: BOYS TOP SWEATER MICKEY SWMICK201 :NAVY BLUE:18-24:GRAPHIC:SWEATER | M8: 129900 | N8: 0.9 | O8: =M8-((90*M8)/100) -> 12990 | P8: PERCENTAGE
A9: 2021 2020 ALL D90 LICENSE BABY | B9: =B8 -> 46121 | C9: =C8 -> 46127 | D9: 3284 | E9: 338 | F9: 4 | G9: 1 | H9: 81421 | I9: DISNEY | J9: 28031612 | K9: SSMRRFL | L9: SS BLOUSE BABYTERRY MARIE LOVE RUFFLE SSMRRFL:PASTEL PINK:6-12:GRAPHIC:SS BLOUSE | M9: 99900 | N9: 0.9 | O9: =M9-((90*M9)/100) -> 9990 | P9: PERCENTAGE
A10: 2021 2020 ALL D90 LICENSE BABY | B10: =B9 -> 46121 | C10: =C9 -> 46127 | D10: 3284 | E10: 338 | F10: 4 | G10: 1 | H10: 81421 | I10: DISNEY | J10: 28031621 | K10: SSMRRFL | L10: SS BLOUSE BABYTERRY MARIE LOVE RUFFLE SSMRRFL:PASTEL PINK:12-18:GRAPHIC:SS BLOUSE | M10: 99900 | N10: 0.9 | O10: =M10-((90*M10)/100) -> 9990 | P10: PERCENTAGE
A11: 2021 2020 ALL D90 LICENSE BABY | B11: =B10 -> 46121 | C11: =C10 -> 46127 | D11: 3284 | E11: 338 | F11: 4 | G11: 1 | H11: 81421 | I11: DISNEY | J11: 28351848 | K11: SSARLSPL | L11: SS T-SHIRT BBTR ARIEL MAKE A SPLASH SSARLSPL:PASTEL YELLOW:6-12:GRAPHIC:SS T-SHIRT | M11: 99900 | N11: 0.9 | O11: =M11-((90*M11)/100) -> 9990 | P11: PERCENTAGE
A12: 2021 2020 ALL D90 LICENSE BABY | B12: =B11 -> 46121 | C12: =C11 -> 46127 | D12: 3284 | E12: 338 | F12: 4 | G12: 1 | H12: 81421 | I12: DISNEY | J12: 28351866 | K12: SSARLSPL | L12: SS T-SHIRT BBTR ARIEL MAKE A SPLASH SSARLSPL:PASTEL YELLOW:18-24:GRAPHIC:SS T-SHIRT | M12: 99900 | N12: 0.9 | O12: =M12-((90*M12)/100) -> 9990 | P12: PERCENTAGE
A13: 2021 2020 ALL D90 LICENSE BABY | B13: =B12 -> 46121 | C13: =C12 -> 46127 | D13: 3284 | E13: 338 | F13: 4 | G13: 1 | H13: 81421 | I13: DISNEY | J13: 28351884 | K13: LSARLNAT | L13: LS T-SHIRT BBTR ARIEL CUTE BY NATURE LSARLNAT:PASTEL PINK:6-12:GRAPHIC:LS T-SHIRT | M13: 119900 | N13: 0.9 | O13: =M13-((90*M13)/100) -> 11990 | P13: PERCENTAGE
A14: 2021 2020 ALL D90 LICENSE BABY | B14: =B13 -> 46121 | C14: =C13 -> 46127 | D14: 3284 | E14: 338 | F14: 4 | G14: 1 | H14: 81421 | I14: DISNEY | J14: 33417080 | K14: JKDUM21 | L14: JACKET DUMBO JKDUM21:CLASSIC YELLOW:0-6:GRAPHIC:JACKET | M14: 169900 | N14: 0.9 | O14: =M14-((90*M14)/100) -> 16990 | P14: PERCENTAGE
... A99: 2021 2020 ALL D90 LICENSE BABY | B99: =B98 -> 46121 | C99: =C98 -> 46127 | D99: 3284 | E99: 338 | F99: 4 | G99: 5 | H99: 190 | I99: DISNEY | J99: 33028894 | K99: OVARWPF | L99: SHORT JUMPSUIT OVERALL LS BOYS POOH UP IN THE SKY OVARWPF:MISTY LIG:18-24:GRAPHIC:SHORT JUM | M99: 189900 | N99: 0.9 | O99: =M99-((90*M99)/100) -> 18990 | P99: PERCENTAGE

Sheet 2019 ALL D95 - 3284
A1: ACARA | B1: FROM DATE | C1: TO DATE | D1: DEPT | E1: WORLD | F1: DIVISION | G1: CLASS | H1: SUPPLIER | I1: BRAND | J1: SKU | K1: ARTICLE | L1: DESCRIPTION | M1: HARGA NORMAL | N1: DISKON | O1: HARGA PROMO | P1: DISCOUNT TYPE
A2: 2019 ALL D95 DISNEY BABY | B2: ='2025 HILITE D80 - 3321'!B2 -> 46121 | C2: ='2025 HILITE D80 - 3321'!C2 -> 46127 | D2: 3284 | E2: 338 | F2: 4 | G2: 1 | H2: 850 | I2: DISNEY | J2: 23791364 | K2: GTRPG2 | L2: GT TS SS FP KEPALA MICKEY MODERN PLAY:WHITE:S | M2: 69900 | N2: 0.95 | O2: =M2-((95*M2)/100) -> 3495 | P2: PERCENTAGE
A3: 2019 ALL D95 DISNEY BABY | B3: =B2 -> 46121 | C3: =C2 -> 46127 | D3: 3284 | E3: 338 | F3: 4 | G3: 1 | H3: 850 | I3: DISNEY | J3: 21395751 | K3: MCK4 | L3: SS MICKEY 4 AWESOME:NAVY BLUE:XL | M3: 49900 | N3: 0.95 | O3: =M3-((95*M3)/100) -> 2495 | P3: PERCENTAGE
A4: 2019 ALL D95 DISNEY BABY | B4: =B3 -> 46121 | C4: =C3 -> 46127 | D4: 3284 | E4: 338 | F4: 4 | G4: 1 | H4: 81421 | I4: DISNEY | J4: 23310507 | K4: LSPOOP | L4: LS POOH PARTY:WHITE:S | M4: 109900 | N4: 0.95 | O4: =M4-((95*M4)/100) -> 5495 | P4: PERCENTAGE
A5: 2019 ALL D95 DISNEY BABY | B5: =B4 -> 46121 | C5: =C4 -> 46127 | D5: 3284 | E5: 338 | F5: 4 | G5: 1 | H5: 81421 | I5: DISNEY | J5: 23310516 | K5: LSPOOP | L5: LS POOH PARTY:WHITE:M | M5: 109900 | N5: 0.95 | O5: =M5-((95*M5)/100) -> 5495 | P5: PERCENTAGE
A6: 2019 ALL D95 DISNEY BABY | B6: =B5 -> 46121 | C6: =C5 -> 46127 | D6: 3284 | E6: 338 | F6: 4 | G6: 1 | H6: 81421 | I6: DISNEY | J6: 23311346 | K6: TSPOOP2 | L6: TS POOH PARTY:OFF WHITE:S | M6: 99900 | N6: 0.95 | O6: =M6-((95*M6)/100) -> 4995 | P6: PERCENTAGE
A7: 2019 ALL D95 DISNEY BABY | B7: =B6 -> 46121 | C7: =C6 -> 46127 | D7: 3284 | E7: 338 | F7: 4 | G7: 1 | H7: 81421 | I7: DISNEY | J7: 23311364 | K7: TSPOOP2 | L7: TS POOH PARTY:OFF WHITE:L | M7: 99900 | N7: 0.95 | O7: =M7-((95*M7)/100) -> 4995 | P7: PERCENTAGE
A8: 2019 ALL D95 DISNEY BABY | B8: =B7 -> 46121 | C8: =C7 -> 46127 | D8: 3284 | E8: 338 | F8: 4 | G8: 1 | H8: 81421 | I8: DISNEY | J8: 23829627 | K8: AMIBT1 | L8: 66010100 TS LS DUMBO:PASTEL BLUE:S | M8: 119900 | N8: 0.95 | O8: =M8-((95*M8)/100) -> 5995 | P8: PERCENTAGE
A9: 2019 ALL D95 DISNEY BABY | B9: =B8 -> 46121 | C9: =C8 -> 46127 | D9: 3284 | E9: 338 | F9: 4 | G9: 1 | H9: 81421 | I9: DISNEY | J9: 22514861 | K9: MINSIL | L9: SS MINNIE SILUET:WHITE:S | M9: 109900 | N9: 0.95 | O9: =M9-((95*M9)/100) -> 5495 | P9: PERCENTAGE
A10: 2019 ALL D95 DISNEY BABY | B10: =B9 -> 46121 | C10: =C9 -> 46127 | D10: 3284 | E10: 338 | F10: 4 | G10: 1 | H10: 81421 | I10: DISNEY | J10: 22514870 | K10: MINSIL | L10: SS MINNIE SILUET:WHITE:M | M10: 109900 | N10: 0.95 | O10: =M10-((95*M10)/100) -> 5495 | P10: PERCENTAGE
A11: 2019 ALL D95 DISNEY BABY | B11: =B10 -> 46121 | C11: =C10 -> 46127 | D11: 3284 | E11: 338 | F11: 4 | G11: 1 | H11: 81421 | I11: DISNEY | J11: 22515075 | K11: MINSS1 | L11: SS MINNIE 1:WHITE:S | M11: 109900 | N11: 0.95 | O11: =M11-((95*M11)/100) -> 5495 | P11: PERCENTAGE
A12: 2019 ALL D95 DISNEY BABY | B12: =B11 -> 46121 | C12: =C11 -> 46127 | D12: 3284 | E12: 338 | F12: 4 | G12: 2 | H12: 81421 | I12: DISNEY | J12: 23311177 | K12: SPPOOP | L12: SP POOH PARTY:PASTEL BLUE:S | M12: 99900 | N12: 0.95 | O12: =M12-((95*M12)/100) -> 4995 | P12: PERCENTAGE
A13: 2019 ALL D95 DISNEY BABY | B13: =B12 -> 46121 | C13: =C12 -> 46127 | D13: 3284 | E13: 338 | F13: 4 | G13: 3 | H13: 81421 | I13: DISNEY | J13: 23949033 | K13: AMIOVL1 | L13: 66010100 SET OVERALL DUMBO:MISTY LIGHT GREY:S | M13: 189900 | N13: 0.95 | O13: =M13-((95*M13)/100) -> 9495 | P13: PERCENTAGE
A14: 2019 ALL D95 DISNEY BABY | B14: =B13 -> 46121 | C14: =C13 -> 46127 | D14: 3284 | E14: 338 | F14: 4 | G14: 3 | H14: 81421 | I14: DISNEY | J14: 23949051 | K14: AMIOVL1 | L14: 66010100 SET OVERALL DUMBO:MISTY LIGHT GREY:L | M14: 189900 | N14: 0.95 | O14: =M14-((95*M14)/100) -> 9495 | P14: PERCENTAGE
... A24: 2019 ALL D95 DISNEY BABY | B24: =B23 -> 46121 | C24: =C23 -> 46127 | D24: 3284 | E24: 338 | F24: 4 | G24: 5 | H24: 81421 | I24: DISNEY | J24: 25050366 | K24: 0BRAMI1 | L24: 66010100MIC ROMPER MICKEY BRIGHT MOMENT:MISTY MEDIUM G:M | M24: 189900 | N24: 0.95 | O24: =M24-((95*M24)/100) -> 9495 | P24: PERCENTAGE

Sheet 2026 JAN-APR SP - 3287
A1: ACARA | B1: FROM DATE | C1: TO DATE | D1: DEPT | E1: WORLD | F1: DIVISION | G1: CLASS | H1: SUPPLIER | I1: BRAND | J1: SKU | K1: ARTICLE | L1: DESCRIPTION | M1: HARGA NORMAL | N1: DISKON | O1: HARGA PROMO | P1: DISCOUNT TYPE
A2: 2026 JAN-APR SHARP PRICE | B2: ='2025 HILITE D80 - 3321'!B6 -> 46121 | C2: ='2025 HILITE D80 - 3321'!C6 -> 46127 | D2: 3284 | E2: 338 | F2: 4 | G2: 4 | H2: 81379 | I2: CHARACTER | J2: 69118952 | K2: SWM4AVG | L2: TOP - BOTTOM SET LSLP AVENGERS ASSEMBLE SWM4AVG:MISTY MEDIUM GREY:4:PRINT:TOP - BOTTOM SET | M2: 149900 | N2: 0 | O2: SHARP PRICE | P2: AMOUNT
A3: =A2 -> 2026 JAN-APR SHARP PRICE | B3: =B2 -> 46121 | C3: =C2 -> 46127 | D3: 3284 | E3: 338 | F3: 4 | G3: 4 | H3: 81379 | I3: CHARACTER | J3: 69118961 | K3: SWM4AVG | L3: TOP - BOTTOM SET LSLP AVENGERS ASSEMBLE SWM4AVG:MISTY MEDIUM GREY:5:PRINT:TOP - BOTTOM SET | M3: 149900 | N3: 0 | O3: SHARP PRICE | P3: AMOUNT
A4: =A3 -> 2026 JAN-APR SHARP PRICE | B4: =B3 -> 46121 | C4: =C3 -> 46127 | D4: 3284 | E4: 338 | F4: 4 | G4: 4 | H4: 81379 | I4: CHARACTER | J4: 69118970 | K4: SWM4AVG | L4: TOP - BOTTOM SET LSLP AVENGERS ASSEMBLE SWM4AVG:MISTY MEDIUM GREY:6:PRINT:TOP - BOTTOM SET | M4: 149900 | N4: 0 | O4: SHARP PRICE | P4: AMOUNT
A5: =A4 -> 2026 JAN-APR SHARP PRICE | B5: =B4 -> 46121 | C5: =C4 -> 46127 | D5: 3284 | E5: 338 | F5: 4 | G5: 4 | H5: 81379 | I5: CHARACTER | J5: 69118989 | K5: SWM4AVG | L5: TOP - BOTTOM SET LSLP AVENGERS ASSEMBLE SWM4AVG:MISTY MEDIUM GREY:7:PRINT:TOP - BOTTOM SET | M5: 149900 | N5: 0 | O5: SHARP PRICE | P5: AMOUNT
A6: =A5 -> 2026 JAN-APR SHARP PRICE | B6: =B5 -> 46121 | C6: =C5 -> 46127 | D6: 3284 | E6: 338 | F6: 4 | G6: 4 | H6: 81379 | I6: CHARACTER | J6: 69118998 | K6: SWM4AVG | L6: TOP - BOTTOM SET LSLP AVENGERS ASSEMBLE SWM4AVG:MISTY MEDIUM GREY:8:PRINT:TOP - BOTTOM SET | M6: 149900 | N6: 0 | O6: SHARP PRICE | P6: AMOUNT
A7: =A6 -> 2026 JAN-APR SHARP PRICE | B7: =B6 -> 46121 | C7: =C6 -> 46127 | D7: 3284 | E7: 338 | F7: 4 | G7: 4 | H7: 81379 | I7: CHARACTER | J7: 69119004 | K7: SWM4AVG | L7: TOP - BOTTOM SET LSLP AVENGERS ASSEMBLE SWM4AVG:MISTY MEDIUM GREY:10:PRINT:TOP - BOTTOM SET | M7: 149900 | N7: 0 | O7: SHARP PRICE | P7: AMOUNT
A8: =A7 -> 2026 JAN-APR SHARP PRICE | B8: =B7 -> 46121 | C8: =C7 -> 46127 | D8: 3284 | E8: 338 | F8: 4 | G8: 4 | H8: 81379 | I8: CHARACTER | J8: 69119013 | K8: SWM4AVG | L8: TOP - BOTTOM SET LSLP AVENGERS ASSEMBLE SWM4AVG:MISTY MEDIUM GREY:12:PRINT:TOP - BOTTOM SET | M8: 149900 | N8: 0 | O8: SHARP PRICE | P8: AMOUNT
A9: =A8 -> 2026 JAN-APR SHARP PRICE | B9: =B8 -> 46121 | C9: =C8 -> 46127 | D9: 3284 | E9: 338 | F9: 4 | G9: 4 | H9: 81379 | I9: CHARACTER | J9: 69119022 | K9: SWM4AVG | L9: TOP - BOTTOM SET LSLP AVENGERS ASSEMBLE SWM4AVG:MISTY MEDIUM GREY:14:PRINT:TOP - BOTTOM SET | M9: 149900 | N9: 0 | O9: SHARP PRICE | P9: AMOUNT
A10: =A9 -> 2026 JAN-APR SHARP PRICE | B10: =B9 -> 46121 | C10: =C9 -> 46127 | D10: 3284 | E10: 338 | F10: 4 | G10: 10 | H10: 81533 | I10: CHARACTER | J10: 68995784 | K10: KKCN7 | L10: SOCKS KKG CINNAMOROLL BIG STRIPE KKCN7:PASTEL GREEN:14-16:PRINT:SOCKS | M10: 29900 | N10: 0 | O10: SHARP PRICE | P10: AMOUNT
A11: =A10 -> 2026 JAN-APR SHARP PRICE | B11: =B10 -> 46121 | C11: =C10 -> 46127 | D11: 3284 | E11: 338 | F11: 4 | G11: 10 | H11: 81533 | I11: CHARACTER | J11: 68995793 | K11: KKCN7 | L11: SOCKS KKG CINNAMOROLL BIG STRIPE KKCN7:PASTEL GREEN:18-20:PRINT:SOCKS | M11: 29900 | N11: 0 | O11: SHARP PRICE | P11: AMOUNT
A12: =A11 -> 2026 JAN-APR SHARP PRICE | B12: =B11 -> 46121 | C12: =C11 -> 46127 | D12: 3284 | E12: 338 | F12: 4 | G12: 10 | H12: 81533 | I12: CHARACTER | J12: 68995800 | K12: KKCN7 | L12: SOCKS KKG CINNAMOROLL BIG STRIPE KKCN7:PASTEL GREEN:20-22:PRINT:SOCKS | M12: 29900 | N12: 0 | O12: SHARP PRICE | P12: AMOUNT
A13: =A12 -> 2026 JAN-APR SHARP PRICE | B13: =B12 -> 46121 | C13: =C12 -> 46127 | D13: 3284 | E13: 338 | F13: 4 | G13: 7 | H13: 81827 | I13: CHARACTER | J13: 68995284 | K13: KK1SPD2 | L13: SOCKS KKB SPIDERMAN FP KK1SPD2:BLACK:14-16:PRINT:SOCKS | M13: 29900 | N13: 0 | O13: SHARP PRICE | P13: AMOUNT
A14: =A13 -> 2026 JAN-APR SHARP PRICE | B14: =B13 -> 46121 | C14: =C13 -> 46127 | D14: 3284 | E14: 338 | F14: 4 | G14: 7 | H14: 81827 | I14: CHARACTER | J14: 68995293 | K14: KK1SPD2 | L14: SOCKS KKB SPIDERMAN FP KK1SPD2:BLACK:18-20:PRINT:SOCKS | M14: 29900 | N14: 0 | O14: SHARP PRICE | P14: AMOUNT
... A239: =A238 -> 2026 JAN-APR SHARP PRICE | B239: =B238 -> 46121 | C239: =C238 -> 46127 | D239: 3284 | E239: 338 | F239: 4 | G239: 1 | H239: 81462 | I239: CHARACTER | J239: 71376759 | K239: MP3BSTT2 | L239: BRIEF PACK OF 3 BOYS UW STITCH MP3BSTT2:ASSORTIVE COLOR:XL:PRINT:BRIEF | M239: 89900 | N239: 0 | O239: SHARP PRICE | P239: AMOUNT

Sheet 2025 DEC D30 -3287
A1: ACARA | B1: FROM DATE | C1: TO DATE | D1: DEPT | E1: WORLD | F1: DIVISION | G1: CLASS | H1: SUPPLIER | I1: BRAND | J1: SKU | K1: ARTICLE | L1: DESCRIPTION | M1: HARGA NORMAL | N1: DISKON | O1: HARGA PROMO | P1: DISCOUNT TYPE
A2: 2025 DEC DISC 30% | B2: ='2025 HILITE D80 - 3321'!B4 -> 46121 | C2: ='2025 HILITE D80 - 3321'!C4 -> 46127 | D2: 3284 | E2: 338 | F2: 4 | G2: 10 | H2: 81533 | I2: CHARACTER | J2: 68995757 | K2: KKCN6 | L2: SOCKS KKG CINNAMOROLL POLKADOT KKCN6:LIGHT BLUE:14-16:PRINT:SOCKS | M2: 29900 | N2: 0.3 | O2: =M2-((30*M2)/100) -> 20930 | P2: PERCENTAGE
A3: =A2 -> 2025 DEC DISC 30% | B3: =B2 -> 46121 | C3: =C2 -> 46127 | D3: 3284 | E3: 338 | F3: 4 | G3: 10 | H3: 81533 | I3: CHARACTER | J3: 68995766 | K3: KKCN6 | L3: SOCKS KKG CINNAMOROLL POLKADOT KKCN6:LIGHT BLUE:18-20:PRINT:SOCKS | M3: 29900 | N3: =N2 -> 0.3 | O3: =M3-((30*M3)/100) -> 20930 | P3: =P2 -> PERCENTAGE
A4: =A3 -> 2025 DEC DISC 30% | B4: =B3 -> 46121 | C4: =C3 -> 46127 | D4: 3284 | E4: 338 | F4: 4 | G4: 10 | H4: 81533 | I4: CHARACTER | J4: 68995775 | K4: KKCN6 | L4: SOCKS KKG CINNAMOROLL POLKADOT KKCN6:LIGHT BLUE:20-22:PRINT:SOCKS | M4: 29900 | N4: =N3 -> 0.3 | O4: =M4-((30*M4)/100) -> 20930 | P4: =P3 -> PERCENTAGE
A5: =A4 -> 2025 DEC DISC 30% | B5: =B4 -> 46121 | C5: =C4 -> 46127 | D5: 3284 | E5: 338 | F5: 4 | G5: 10 | H5: 81533 | I5: CHARACTER | J5: 68995720 | K5: KKCN5 | L5: SOCKS KKG CINNAMOROLL BIG STRIPE KKCN5:LIGHT BLUE:14-16:PRINT:SOCKS | M5: 29900 | N5: =N4 -> 0.3 | O5: =M5-((30*M5)/100) -> 20930 | P5: =P4 -> PERCENTAGE
A6: =A5 -> 2025 DEC DISC 30% | B6: =B5 -> 46121 | C6: =C5 -> 46127 | D6: 3284 | E6: 338 | F6: 4 | G6: 10 | H6: 81533 | I6: CHARACTER | J6: 68995739 | K6: KKCN5 | L6: SOCKS KKG CINNAMOROLL BIG STRIPE KKCN5:LIGHT BLUE:18-20:PRINT:SOCKS | M6: 29900 | N6: =N5 -> 0.3 | O6: =M6-((30*M6)/100) -> 20930 | P6: =P5 -> PERCENTAGE
A7: =A6 -> 2025 DEC DISC 30% | B7: =B6 -> 46121 | C7: =C6 -> 46127 | D7: 3284 | E7: 338 | F7: 4 | G7: 10 | H7: 81533 | I7: CHARACTER | J7: 68995748 | K7: KKCN5 | L7: SOCKS KKG CINNAMOROLL BIG STRIPE KKCN5:LIGHT BLUE:20-22:PRINT:SOCKS | M7: 29900 | N7: =N6 -> 0.3 | O7: =M7-((30*M7)/100) -> 20930 | P7: =P6 -> PERCENTAGE
A8: =A7 -> 2025 DEC DISC 30% | B8: =B7 -> 46121 | C8: =C7 -> 46127 | D8: 3284 | E8: 338 | F8: 4 | G8: 2 | H8: 81679 | I8: CHARACTER | J8: 69033365 | K8: SW1PRN | L8: TOP - BOTTOM SET LSLP SW OBL PRINCESS SW1PRN:PASTEL PINK:4:PRINT:TOP - BOTTOM SET | M8: 149900 | N8: =N7 -> 0.3 | O8: =M8-((30*M8)/100) -> 104930 | P8: =P7 -> PERCENTAGE
A9: =A8 -> 2025 DEC DISC 30% | B9: =B8 -> 46121 | C9: =C8 -> 46127 | D9: 3284 | E9: 338 | F9: 4 | G9: 2 | H9: 81679 | I9: CHARACTER | J9: 69033374 | K9: SW1PRN | L9: TOP - BOTTOM SET LSLP SW OBL PRINCESS SW1PRN:PASTEL PINK:5:PRINT:TOP - BOTTOM SET | M9: 149900 | N9: =N8 -> 0.3 | O9: =M9-((30*M9)/100) -> 104930 | P9: =P8 -> PERCENTAGE
A10: =A9 -> 2025 DEC DISC 30% | B10: =B9 -> 46121 | C10: =C9 -> 46127 | D10: 3284 | E10: 338 | F10: 4 | G10: 2 | H10: 81679 | I10: CHARACTER | J10: 69033383 | K10: SW1PRN | L10: TOP - BOTTOM SET LSLP SW OBL PRINCESS SW1PRN:PASTEL PINK:6:PRINT:TOP - BOTTOM SET | M10: 149900 | N10: =N9 -> 0.3 | O10: =M10-((30*M10)/100) -> 104930 | P10: =P9 -> PERCENTAGE
A11: =A10 -> 2025 DEC DISC 30% | B11: =B10 -> 46121 | C11: =C10 -> 46127 | D11: 3284 | E11: 338 | F11: 4 | G11: 2 | H11: 81679 | I11: CHARACTER | J11: 69033392 | K11: SW1PRN | L11: TOP - BOTTOM SET LSLP SW OBL PRINCESS SW1PRN:PASTEL PINK:7:PRINT:TOP - BOTTOM SET | M11: 149900 | N11: =N10 -> 0.3 | O11: =M11-((30*M11)/100) -> 104930 | P11: =P10 -> PERCENTAGE
A12: =A11 -> 2025 DEC DISC 30% | B12: =B11 -> 46121 | C12: =C11 -> 46127 | D12: 3284 | E12: 338 | F12: 4 | G12: 2 | H12: 81679 | I12: CHARACTER | J12: 69033409 | K12: SW1PRN | L12: TOP - BOTTOM SET LSLP SW OBL PRINCESS SW1PRN:PASTEL PINK:8:PRINT:TOP - BOTTOM SET | M12: 149900 | N12: =N11 -> 0.3 | O12: =M12-((30*M12)/100) -> 104930 | P12: =P11 -> PERCENTAGE
A13: =A12 -> 2025 DEC DISC 30% | B13: =B12 -> 46121 | C13: =C12 -> 46127 | D13: 3284 | E13: 338 | F13: 4 | G13: 2 | H13: 81679 | I13: CHARACTER | J13: 69033418 | K13: SW1PRN | L13: TOP - BOTTOM SET LSLP SW OBL PRINCESS SW1PRN:PASTEL PINK:10:PRINT:TOP - BOTTOM SET | M13: 149900 | N13: =N12 -> 0.3 | O13: =M13-((30*M13)/100) -> 104930 | P13: =P12 -> PERCENTAGE
A14: =A13 -> 2025 DEC DISC 30% | B14: =B13 -> 46121 | C14: =C13 -> 46127 | D14: 3284 | E14: 338 | F14: 4 | G14: 2 | H14: 81679 | I14: CHARACTER | J14: 69033427 | K14: SW1PRN | L14: TOP - BOTTOM SET LSLP SW OBL PRINCESS SW1PRN:PASTEL PINK:12:PRINT:TOP - BOTTOM SET | M14: 149900 | N14: =N13 -> 0.3 | O14: =M14-((30*M14)/100) -> 104930 | P14: =P13 -> PERCENTAGE
A15: =A14 -> 2025 DEC DISC 30% | B15: =B14 -> 46121 | C15: =C14 -> 46127 | D15: 3284 | E15: 338 | F15: 4 | G15: 2 | H15: 81679 | I15: CHARACTER | J15: 69033436 | K15: SW1PRN | L15: TOP - BOTTOM SET LSLP SW OBL PRINCESS SW1PRN:PASTEL PINK:14:PRINT:TOP - BOTTOM SET | M15: 149900 | N15: =N14 -> 0.3 | O15: =M15-((30*M15)/100) -> 104930 | P15: =P14 -> PERCENTAGE

Sheet 2025 OCTNOV D30 -3287
A1: ACARA | B1: FROM DATE | C1: TO DATE | D1: DEPT | E1: WORLD | F1: DIVISION | G1: CLASS | H1: SUPPLIER | I1: BRAND | J1: SKU | K1: ARTICLE | L1: DESCRIPTION | M1: HARGA NORMAL | N1: DISKON | O1: HARGA PROMO | P1: DISCOUNT TYPE
A2: 2025 OCT DISC 30% | B2: ='2025 HILITE D80 - 3321'!B2 -> 46121 | C2: ='2025 HILITE D80 - 3321'!C2 -> 46127 | D2: 3287 | E2: 338 | F2: 4 | G2: 7 | H2: 81827 | I2: DISNEY | J2: 61972383 | K2: KK425IRN | L2: SOCKS KKB IRON MNA KK425IRN:MANDARIN ORANGE:14-16:PRINT:SOCKS | M2: 29900 | N2: 0.3 | O2: =M2-((30*M2)/100) -> 20930 | P2: PERCENTAGE
A3: =A2 -> 2025 OCT DISC 30% | B3: =B2 -> 46121 | C3: =C2 -> 46127 | D3: 3287 | E3: 338 | F3: 4 | G3: 7 | H3: 81827 | I3: DISNEY | J3: 61972392 | K3: KK425IRN | L3: SOCKS KKB IRON MNA KK425IRN:MANDARIN ORANGE:18-20:PRINT:SOCKS | M3: 29900 | N3: =N2 -> 0.3 | O3: =M3-((30*M3)/100) -> 20930 | P3: =P2 -> PERCENTAGE
A4: =A3 -> 2025 OCT DISC 30% | B4: =B3 -> 46121 | C4: =C3 -> 46127 | D4: 3287 | E4: 338 | F4: 4 | G4: 7 | H4: 81827 | I4: DISNEY | J4: 61972409 | K4: KK425IRN | L4: SOCKS KKB IRON MNA KK425IRN:MANDARIN ORANGE:20-22:PRINT:SOCKS | M4: 29900 | N4: =N3 -> 0.3 | O4: =M4-((30*M4)/100) -> 20930 | P4: =P3 -> PERCENTAGE
A5: =A4 -> 2025 OCT DISC 30% | B5: =B4 -> 46121 | C5: =C4 -> 46127 | D5: 3287 | E5: 338 | F5: 4 | G5: 10 | H5: 81827 | I5: DISNEY | J5: 68208339 | K5: KKBPWCH | L5: SOCKS KK PAW PATROL CHASE KKBPWCH:CLASSIC BLUE:14-16:PRINT:SOCKS | M5: 29900 | N5: =N4 -> 0.3 | O5: =M5-((30*M5)/100) -> 20930 | P5: =P4 -> PERCENTAGE
A6: =A5 -> 2025 OCT DISC 30% | B6: =B5 -> 46121 | C6: =C5 -> 46127 | D6: 3287 | E6: 338 | F6: 4 | G6: 10 | H6: 81827 | I6: DISNEY | J6: 68208348 | K6: KKBPWCH | L6: SOCKS KK PAW PATROL CHASE KKBPWCH:CLASSIC BLUE:18-20:PRINT:SOCKS | M6: 29900 | N6: =N5 -> 0.3 | O6: =M6-((30*M6)/100) -> 20930 | P6: =P5 -> PERCENTAGE
A7: =A6 -> 2025 OCT DISC 30% | B7: =B6 -> 46121 | C7: =C6 -> 46127 | D7: 3287 | E7: 338 | F7: 4 | G7: 10 | H7: 81827 | I7: DISNEY | J7: 68208357 | K7: KKBPWRB | L7: SOCKS KK PAW PATROL RUBBLE KKBPWRB:CLASSIC YELLOW:14-16:PRINT:SOCKS | M7: 29900 | N7: =N6 -> 0.3 | O7: =M7-((30*M7)/100) -> 20930 | P7: =P6 -> PERCENTAGE
A8: =A7 -> 2025 OCT DISC 30% | B8: =B7 -> 46121 | C8: =C7 -> 46127 | D8: 3287 | E8: 338 | F8: 4 | G8: 10 | H8: 81827 | I8: DISNEY | J8: 68208366 | K8: KKBPWRB | L8: SOCKS KK PAW PATROL RUBBLE KKBPWRB:CLASSIC YELLOW:18-20:PRINT:SOCKS | M8: 29900 | N8: =N7 -> 0.3 | O8: =M8-((30*M8)/100) -> 20930 | P8: =P7 -> PERCENTAGE
A9: =A8 -> 2025 OCT DISC 30% | B9: =B8 -> 46121 | C9: =C8 -> 46127 | D9: 3287 | E9: 338 | F9: 4 | G9: 7 | H9: 81827 | I9: DISNEY | J9: 61972356 | K9: KKHULK | L9: SOCKS KKB HULK KKHULK:FOREST GREEN:14-16:PRINT:SOCKS | M9: 29900 | N9: =N8 -> 0.3 | O9: =M9-((30*M9)/100) -> 20930 | P9: =P8 -> PERCENTAGE
A10: =A9 -> 2025 OCT DISC 30% | B10: =B9 -> 46121 | C10: =C9 -> 46127 | D10: 3287 | E10: 338 | F10: 4 | G10: 7 | H10: 81827 | I10: DISNEY | J10: 61972365 | K10: KKHULK | L10: SOCKS KKB HULK KKHULK:FOREST GREEN:18-20:PRINT:SOCKS | M10: 29900 | N10: =N9 -> 0.3 | O10: =M10-((30*M10)/100) -> 20930 | P10: =P9 -> PERCENTAGE
A11: =A10 -> 2025 OCT DISC 30% | B11: =B10 -> 46121 | C11: =C10 -> 46127 | D11: 3287 | E11: 338 | F11: 4 | G11: 7 | H11: 81827 | I11: DISNEY | J11: 61972374 | K11: KKHULK | L11: SOCKS KKB HULK KKHULK:FOREST GREEN:20-22:PRINT:SOCKS | M11: 29900 | N11: =N10 -> 0.3 | O11: =M11-((30*M11)/100) -> 20930 | P11: =P10 -> PERCENTAGE
A12: =A11 -> 2025 OCT DISC 30% | B12: =B11 -> 46121 | C12: =C11 -> 46127 | D12: 3287 | E12: 338 | F12: 4 | G12: 10 | H12: 81533 | I12: DISNEY | J12: 61074317 | K12: KKKU10 | L12: SOCKS KKG KUROMI LOVE KKKU10:PASTEL GREY:14-16:GRAPHIC:SOCKS | M12: 29900 | N12: =N11 -> 0.3 | O12: =M12-((30*M12)/100) -> 20930 | P12: =P11 -> PERCENTAGE
A13: =A12 -> 2025 OCT DISC 30% | B13: =B12 -> 46121 | C13: =C12 -> 46127 | D13: 3287 | E13: 338 | F13: 4 | G13: 10 | H13: 81533 | I13: DISNEY | J13: 61074326 | K13: KKKU10 | L13: SOCKS KKG KUROMI LOVE KKKU10:PASTEL GREY:18-20:GRAPHIC:SOCKS | M13: 29900 | N13: =N12 -> 0.3 | O13: =M13-((30*M13)/100) -> 20930 | P13: =P12 -> PERCENTAGE
A14: =A13 -> 2025 OCT DISC 30% | B14: =B13 -> 46121 | C14: =C13 -> 46127 | D14: 3287 | E14: 338 | F14: 4 | G14: 10 | H14: 81533 | I14: DISNEY | J14: 61074335 | K14: KKKU10 | L14: SOCKS KKG KUROMI LOVE KKKU10:PASTEL GREY:20-22:GRAPHIC:SOCKS | M14: 29900 | N14: =N13 -> 0.3 | O14: =M14-((30*M14)/100) -> 20930 | P14: =P13 -> PERCENTAGE
... A96: =A95 -> 2025 OCT DISC 30% | B96: =B95 -> 46121 | C96: =C95 -> 46127 | D96: 3287 | E96: 338 | F96: 4 | G96: 9 | H96: 4953 | I96: DISNEY | J96: 61315673 | K96: SWTNJ | L96: TOP - BOTTOM SET LSLP TOM AND JERRY SWTNJ:NAVY BLUE:14:PRINT:TOP - BOTTOM SET | M96: 149900 | N96: =N95 -> 0.3 | O96: =M96-((30*M96)/100) -> 104930 | P96: =P95 -> PERCENTAGE

Sheet 2025 JUL-SEPT B1G1- 3287 LC
A1: ACARA | B1: FROM DATE | C1: TO DATE | D1: DEPT | E1: WORLD | F1: DIVISION | G1: CLASS | H1: SUPPLIER | I1: BRAND | J1: SKU | K1: ARTICLE | L1: DESCRIPTION | M1: HARGA NORMAL | N1: DISKON | O1: HARGA PROMO | P1: DISCOUNT TYPE
A2: 2025 JUL-SEPT B1G1 - 3287 | B2: ='2025 HILITE D80 - 3321'!B2 -> 46121 | C2: ='2025 HILITE D80 - 3321'!C2 -> 46127 | D2: 3287 | E2: 338 | F2: 4 | G2: 9 | H2: 4953 | I2: DISNEY | J2: 54921281 | K2: SWKUHD | L2: TOP - BOTTOM SET LSLP KUROMI SWKUHD:MISTY LIGHT GREY:4:PRINT:TOP - BOTTOM SET | M2: 129900 | N2: BXGY | O2: B1G1 | P2: BXGY
A3: =A2 -> 2025 JUL-SEPT B1G1 - 3287 | B3: =B2 -> 46121 | C3: =C2 -> 46127 | D3: 3287 | E3: 338 | F3: 4 | G3: 9 | H3: 4953 | I3: DISNEY | J3: 54921290 | K3: SWKUHD | L3: TOP - BOTTOM SET LSLP KUROMI SWKUHD:MISTY LIGHT GREY:5:PRINT:TOP - BOTTOM SET | M3: 129900 | N3: BXGY | O3: B1G1 | P3: BXGY
A4: =A2 -> 2025 JUL-SEPT B1G1 - 3287 | B4: =B3 -> 46121 | C4: =C3 -> 46127 | D4: 3287 | E4: 338 | F4: 4 | G4: 9 | H4: 4953 | I4: DISNEY | J4: 54921307 | K4: SWKUHD | L4: TOP - BOTTOM SET LSLP KUROMI SWKUHD:MISTY LIGHT GREY:6:PRINT:TOP - BOTTOM SET | M4: 129900 | N4: BXGY | O4: B1G1 | P4: BXGY
A5: =A3 -> 2025 JUL-SEPT B1G1 - 3287 | B5: =B4 -> 46121 | C5: =C4 -> 46127 | D5: 3287 | E5: 338 | F5: 4 | G5: 9 | H5: 4953 | I5: DISNEY | J5: 54921316 | K5: SWKUHD | L5: TOP - BOTTOM SET LSLP KUROMI SWKUHD:MISTY LIGHT GREY:7:PRINT:TOP - BOTTOM SET | M5: 129900 | N5: BXGY | O5: B1G1 | P5: BXGY
A6: =A4 -> 2025 JUL-SEPT B1G1 - 3287 | B6: =B5 -> 46121 | C6: =C5 -> 46127 | D6: 3287 | E6: 338 | F6: 4 | G6: 9 | H6: 4953 | I6: DISNEY | J6: 54921325 | K6: SWKUHD | L6: TOP - BOTTOM SET LSLP KUROMI SWKUHD:MISTY LIGHT GREY:8:PRINT:TOP - BOTTOM SET | M6: 129900 | N6: BXGY | O6: B1G1 | P6: BXGY
A7: =A5 -> 2025 JUL-SEPT B1G1 - 3287 | B7: =B6 -> 46121 | C7: =C6 -> 46127 | D7: 3287 | E7: 338 | F7: 4 | G7: 9 | H7: 4953 | I7: DISNEY | J7: 54921334 | K7: SWKUHD | L7: TOP - BOTTOM SET LSLP KUROMI SWKUHD:MISTY LIGHT GREY:10:PRINT:TOP - BOTTOM SET | M7: 129900 | N7: BXGY | O7: B1G1 | P7: BXGY
A8: =A6 -> 2025 JUL-SEPT B1G1 - 3287 | B8: =B7 -> 46121 | C8: =C7 -> 46127 | D8: 3287 | E8: 338 | F8: 4 | G8: 9 | H8: 4953 | I8: DISNEY | J8: 54921343 | K8: SWKUHD | L8: TOP - BOTTOM SET LSLP KUROMI SWKUHD:MISTY LIGHT GREY:12:PRINT:TOP - BOTTOM SET | M8: 129900 | N8: BXGY | O8: B1G1 | P8: BXGY
A9: =A7 -> 2025 JUL-SEPT B1G1 - 3287 | B9: =B8 -> 46121 | C9: =C8 -> 46127 | D9: 3287 | E9: 338 | F9: 4 | G9: 9 | H9: 4953 | I9: DISNEY | J9: 54921352 | K9: SWKUHD | L9: TOP - BOTTOM SET LSLP KUROMI SWKUHD:MISTY LIGHT GREY:14:PRINT:TOP - BOTTOM SET | M9: 129900 | N9: BXGY | O9: B1G1 | P9: BXGY
A10: =A8 -> 2025 JUL-SEPT B1G1 - 3287 | B10: =B9 -> 46121 | C10: =C9 -> 46127 | D10: 3287 | E10: 338 | F10: 4 | G10: 3 | H10: 81462 | I10: DISNEY | J10: 54921183 | K10: MP3MSPD | L10: BRIEF CD PACK OF 3 SPIDERMAN MP3MSPD:ASSORTIVE COLOR:S:PRINT:BRIEF | M10: 89900 | N10: BXGY | O10: B1G1 | P10: BXGY
A11: =A9 -> 2025 JUL-SEPT B1G1 - 3287 | B11: =B10 -> 46121 | C11: =C10 -> 46127 | D11: 3287 | E11: 338 | F11: 4 | G11: 3 | H11: 81462 | I11: DISNEY | J11: 54921192 | K11: MP3MSPD | L11: BRIEF CD PACK OF 3 SPIDERMAN MP3MSPD:ASSORTIVE COLOR:M:PRINT:BRIEF | M11: 89900 | N11: BXGY | O11: B1G1 | P11: BXGY
A12: =A10 -> 2025 JUL-SEPT B1G1 - 3287 | B12: =B11 -> 46121 | C12: =C11 -> 46127 | D12: 3287 | E12: 338 | F12: 4 | G12: 3 | H12: 81462 | I12: DISNEY | J12: 54921209 | K12: MP3MSPD | L12: BRIEF CD PACK OF 3 SPIDERMAN MP3MSPD:ASSORTIVE COLOR:L:PRINT:BRIEF | M12: 89900 | N12: BXGY | O12: B1G1 | P12: BXGY
A13: =A11 -> 2025 JUL-SEPT B1G1 - 3287 | B13: =B12 -> 46121 | C13: =C12 -> 46127 | D13: 3287 | E13: 338 | F13: 4 | G13: 3 | H13: 81462 | I13: DISNEY | J13: 54921218 | K13: MP3MSPD | L13: BRIEF CD PACK OF 3 SPIDERMAN MP3MSPD:ASSORTIVE COLOR:XL:PRINT:BRIEF | M13: 89900 | N13: BXGY | O13: B1G1 | P13: BXGY
A14: =A12 -> 2025 JUL-SEPT B1G1 - 3287 | B14: =B13 -> 46121 | C14: =C13 -> 46127 | D14: 3287 | E14: 338 | F14: 4 | G14: 7 | H14: 81827 | I14: DISNEY | J14: 54921227 | K14: KKMVCAP | L14: SOCKS KKB MARVEL LOGO CAPTAIN AMERICA KKMVCAP:BLACK:14-16:PRINT:SOCKS | M14: 29900 | N14: BXGY | O14: B1G1 | P14: BXGY
A15: =A13 -> 2025 JUL-SEPT B1G1 - 3287 | B15: =B14 -> 46121 | C15: =C14 -> 46127 | D15: 3287 | E15: 338 | F15: 4 | G15: 7 | H15: 81827 | I15: DISNEY | J15: 54921236 | K15: KKMVCAP | L15: SOCKS KKB MARVEL LOGO CAPTAIN AMERICA KKMVCAP:BLACK:18-20:PRINT:SOCKS | M15: 29900 | N15: BXGY | O15: B1G1 | P15: BXGY
... A23: =A21 -> 2025 JUL-SEPT B1G1 - 3287 | B23: =B22 -> 46121 | C23: =C22 -> 46127 | D23: 3287 | E23: 338 | F23: 4 | G23: 10 | H23: 81533 | I23: DISNEY | J23: 55253895 | K23: KKCN4 | L23: SOCKS KKG CINNAMOROLL KOTAK KKCN4:ASSORTIVE COLOR:14-16:PRINT:SOCKS | M23: 29900 | N23: BXGY | O23: B1G1 | P23: BXGY
A24: =A22 -> 2025 JUL-SEPT B1G1 - 3287 | B24: =B23 -> 46121 | C24: =C23 -> 46127 | D24: 3287 | E24: 338 | F24: 4 | G24: 10 | H24: 81533 | I24: DISNEY | J24: 55253902 | K24: KKCN4 | L24: SOCKS KKG CINNAMOROLL KOTAK KKCN4:ASSORTIVE COLOR:18-20:PRINT:SOCKS | M24: 29900 | N24: BXGY | O24: =O23 -> B1G1 | P24: BXGY
A25: =A23 -> 2025 JUL-SEPT B1G1 - 3287 | B25: =B24 -> 46121 | C25: =C24 -> 46127 | D25: 3287 | E25: 338 | F25: 4 | G25: 10 | H25: 81533 | I25: DISNEY | J25: 55253911 | K25: KKCN4 | L25: SOCKS KKG CINNAMOROLL KOTAK KKCN4:ASSORTIVE COLOR:20-22:PRINT:SOCKS | M25: 29900 | N25: BXGY | O25: =O24 -> B1G1 | P25: BXGY
A26: =A24 -> 2025 JUL-SEPT B1G1 - 3287 | B26: =B25 -> 46121 | C26: =C25 -> 46127 | D26: 3287 | E26: 338 | F26: 4 | G26: 1 | H26: 81679 | I26: DISNEY | J26: 55253715 | K26: MP3UMIN | L26: BRIEF PACK OF 3 UW MINNIE MP3UMIN:ASSORTIVE COLOR:S:PRINT:BRIEF | M26: 89900 | N26: BXGY | O26: =O25 -> B1G1 | P26: BXGY
A27: =A25 -> 2025 JUL-SEPT B1G1 - 3287 | B27: =B26 -> 46121 | C27: =C26 -> 46127 | D27: 3287 | E27: 338 | F27: 4 | G27: 1 | H27: 81679 | I27: DISNEY | J27: 55253724 | K27: MP3UMIN | L27: BRIEF PACK OF 3 UW MINNIE MP3UMIN:ASSORTIVE COLOR:M:PRINT:BRIEF | M27: 89900 | N27: BXGY | O27: =O26 -> B1G1 | P27: BXGY
A28: =A26 -> 2025 JUL-SEPT B1G1 - 3287 | B28: =B27 -> 46121 | C28: =C27 -> 46127 | D28: 3287 | E28: 338 | F28: 4 | G28: 1 | H28: 81679 | I28: DISNEY | J28: 55253733 | K28: MP3UMIN | L28: BRIEF PACK OF 3 UW MINNIE MP3UMIN:ASSORTIVE COLOR:L:PRINT:BRIEF | M28: 89900 | N28: BXGY | O28: =O27 -> B1G1 | P28: BXGY
A29: =A27 -> 2025 JUL-SEPT B1G1 - 3287 | B29: =B28 -> 46121 | C29: =C28 -> 46127 | D29: 3287 | E29: 338 | F29: 4 | G29: 1 | H29: 81679 | I29: DISNEY | J29: 55253742 | K29: MP3UMIN | L29: BRIEF PACK OF 3 UW MINNIE MP3UMIN:ASSORTIVE COLOR:XL:PRINT:BRIEF | M29: 89900 | N29: BXGY | O29: =O28 -> B1G1 | P29: BXGY
A30: =A28 -> 2025 JUL-SEPT B1G1 - 3287 | B30: =B29 -> 46121 | C30: =C29 -> 46127 | D30: 3287 | E30: 338 | F30: 4 | G30: 4 | H30: 81679 | I30: DISNEY | J30: 55253751 | K30: SWMSPD | L30: TOP - BOTTOM SET LSLP MVL SPIDERMAN SWMSPD:NAVY BLUE:4:GRAPHIC:TOP - BOTTOM SET | M30: 149900 | N30: BXGY | O30: =O29 -> B1G1 | P30: BXGY
A31: =A29 -> 2025 JUL-SEPT B1G1 - 3287 | B31: =B30 -> 46121 | C31: =C30 -> 46127 | D31: 3287 | E31: 338 | F31: 4 | G31: 4 | H31: 81679 | I31: DISNEY | J31: 55253760 | K31: SWMSPD | L31: TOP - BOTTOM SET LSLP MVL SPIDERMAN SWMSPD:NAVY BLUE:5:GRAPHIC:TOP - BOTTOM SET | M31: 149900 | N31: BXGY | O31: =O30 -> B1G1 | P31: BXGY
A32: =A30 -> 2025 JUL-SEPT B1G1 - 3287 | B32: =B31 -> 46121 | C32: =C31 -> 46127 | D32: 3287 | E32: 338 | F32: 4 | G32: 4 | H32: 81679 | I32: DISNEY | J32: 55253779 | K32: SWMSPD | L32: TOP - BOTTOM SET LSLP MVL SPIDERMAN SWMSPD:NAVY BLUE:6:GRAPHIC:TOP - BOTTOM SET | M32: 149900 | N32: BXGY | O32: =O31 -> B1G1 | P32: BXGY
